,filename,emotion,text
0,angry_gd02_001_029.wav,<|zh|><|ANGRY|><|Speech|><|withitn|>,我也知道自己是大嘴巴。
1,angry_gd03_001_003.wav,<|zh|><|ANGRY|><|Speech|><|withitn|>,小心脚下，人行道上有个坑。
2,angry_gd03_001_007.wav,<|zh|><|ANGRY|><|Speech|><|withitn|>,让我再想想，真相已经上传了。
3,angry_gd03_001_008.wav,<|zh|><|ANGRY|><|Speech|><|withitn|>,这样，你就有时间挥拍打球了。
4,angry_gd03_001_025.wav,<|zh|><|ANGRY|><|Speech|><|withitn|>,最近很冷，风又大。
5,angry_gd03_001_036.wav,<|zh|><|ANGRY|><|Speech|><|withitn|>,三个，两个儿子，一个女儿。
6,angry_gd04_001_015.wav,<|zh|><|ANGRY|><|Speech|><|withitn|>,此消息立即在牙买加引起议论。
7,angry_gd04_001_017.wav,<|zh|><|ANGRY|><|Speech|><|withitn|>,大会还选举产生了新一届中央纪律检查委员会。
8,angry_gd05_001_008.wav,<|zh|><|ANGRY|><|Speech|><|withitn|>,对腐败问题一定要严惩。
9,angry_gd05_001_019.wav,<|zh|><|ANGRY|><|Speech|><|withitn|>,这是上次的劳务费，你数数。
10,angry_gd05_001_028.wav,<|zh|><|ANGRY|><|Speech|><|withitn|>,你就是磕头作揖，说好话，也得跟夏英挽回关系。
11,angry_gd06_001_012.wav,<|zh|><|ANGRY|><|Speech|><|withitn|>,大姐，这是我的全部家当，你一定得帮我。
12,angry_gd06_001_013.wav,<|zh|><|ANGRY|><|Speech|><|withitn|>,不是，关键是我见了他不知道说什么。
13,angry_gd06_001_016.wav,<|zh|><|ANGRY|><|Speech|><|withitn|>,还不迟到过阵子再说吧，休息一下。
14,angry_gd06_001_019.wav,<|zh|><|ANGRY|><|Speech|><|withitn|>,哪能事无巨细请教，丧失自己独立思考的精神。
15,angry_gd07_001_007.wav,<|zh|><|ANGRY|><|Speech|><|withitn|>,因此，掏耳朵只能清理外耳。
16,angry_gd07_001_013.wav,<|zh|><|ANGRY|><|Speech|><|withitn|>,月奶汤就是米酒水。
17,angry_gd07_001_015.wav,<|zh|><|ANGRY|><|Speech|><|withitn|>,临聘教师与在编教师都是老师，做好自己就够了。
18,angry_gd08_001_009.wav,<|zh|><|ANGRY|><|Speech|><|withitn|>,母女俩目前是租住在另一个社区。
19,angry_gd08_001_015.wav,<|zh|><|ANGRY|><|Speech|><|withitn|>,粮食米粉市场价格很快回调至涨价前水平。
20,angry_gd08_001_016.wav,<|zh|><|ANGRY|><|Speech|><|withitn|>,作为奥运狂热分子，他还不忘为选手默默加油。
21,angry_gd08_001_028.wav,<|zh|><|ANGRY|><|Speech|><|withitn|>,此网帖一出，立即被众人转发。
22,angry_gd09_001_001.wav,<|zh|><|NEUTRAL|><|Speech|><|withitn|>,分母大，分子小，自然摇号中签率较低。
23,angry_gd09_001_011.wav,<|zh|><|ANGRY|><|Speech|><|withitn|>,又走回来，坐在我左边，开始对我搂搂抱抱。
24,angry_gd09_001_013.wav,<|zh|><|ANGRY|><|Speech|><|withitn|>,我站在后面，腿脚都给压住了。
25,angry_gd09_001_014.wav,<|zh|><|ANGRY|><|Speech|><|withitn|>,明天记者将继续上路，找寻担忧爷。
26,angry_gd09_001_017.wav,<|zh|><|ANGRY|><|Speech|><|withitn|>,毕家兄弟再次傻眼。
27,angry_gd09_001_025.wav,<|zh|><|ANGRY|><|Speech|><|withitn|>,反对派武装使用的手雷。
28,angry_gd10_001_015.wav,<|zh|><|ANGRY|><|Speech|><|withitn|>,最终，他决定创办一家养老院。
29,angry_gd10_001_017.wav,<|zh|><|ANGRY|><|Speech|><|withitn|>,前一段时间，我们连续多次辟谣，澄清谣言。
30,angry_gd10_001_034.wav,<|zh|><|ANGRY|><|Speech|><|withitn|>,其次，水库水电站安全问题也很突出。
31,angry_gd11_001_006.wav,<|zh|><|ANGRY|><|Speech|><|withitn|>,据悉，美国和欧洲官员获邀参加。
32,angry_gd11_001_031.wav,<|zh|><|ANGRY|><|Speech|><|withitn|>,大慈寺街区的建设从政府主导转向企业经营。
33,angry_gd12_001_009.wav,<|zh|><|ANGRY|><|Speech|><|withitn|>,没好气的挂断信号。
34,angry_gd12_001_017.wav,<|zh|><|ANGRY|><|Speech|><|withitn|>,当年他一节课都没去上，不被荡掉才奇怪。
35,angry_gd12_001_025.wav,<|zh|><|ANGRY|><|Speech|><|withitn|>,就不像你们整天忧心忡忡，感觉天要塌了一样。
36,angry_gd12_001_026.wav,<|zh|><|ANGRY|><|Speech|><|withitn|>,我藏身到草甸子，不让别人发现就好。
37,angry_gd12_001_034.wav,<|zh|><|ANGRY|><|Speech|><|withitn|>,他们呢？这是我多年的老朋友来联络一下感情。
38,angry_gd01_001_001.wav,<|zh|><|ANGRY|><|Speech|><|withitn|>,英国的哲学家曾经说过。
39,angry_gd01_001_002.wav,<|zh|><|ANGRY|><|Speech|><|withitn|>,我老家在北京。
40,angry_gd01_001_003.wav,<|zh|><|EMO_UNKNOWN|><|Speech|><|withitn|>,我每个月打一次电话。
41,angry_gd01_001_004.wav,<|zh|><|ANGRY|><|Speech|><|withitn|>,你每次谈恋爱都像现在这样。
42,angry_gd01_001_005.wav,<|zh|><|ANGRY|><|Speech|><|withitn|>,很快你上大学就用得到了。
43,angry_gd01_001_006.wav,<|zh|><|ANGRY|><|Speech|><|withitn|>,已经播至该专辑最后一个声音。
44,angry_gd01_001_007.wav,<|zh|><|ANGRY|><|Speech|><|withitn|>,我和我朋友刚从巴厘岛回来。
45,angry_gd01_001_008.wav,<|zh|><|ANGRY|><|Speech|><|withitn|>,你的声音总是在我心里晃来晃去。
46,angry_gd01_001_009.wav,<|zh|><|ANGRY|><|Speech|><|withitn|>,我觉得并不是非要有特别的品质。
47,angry_gd01_001_011.wav,<|zh|><|ANGRY|><|Speech|><|withitn|>,工厂不把它直接排到大气中。
48,angry_gd01_001_012.wav,<|zh|><|ANGRY|><|Speech|><|withitn|>,没错，就是车门。另外两个人问他说。
49,angry_gd01_001_013.wav,<|zh|><|ANGRY|><|Speech|><|withitn|>,除非你打飞碟球，但这是不可能的。
50,angry_gd01_001_014.wav,<|zh|><|ANGRY|><|Speech|><|withitn|>,没听清，请问什么时间提醒你？
51,angry_gd01_001_015.wav,<|zh|><|ANGRY|><|Speech|><|withitn|>,这样无辜的人就不会被杀了。
52,angry_gd01_001_016.wav,<|zh|><|ANGRY|><|Speech|><|withitn|>,我必须一直通电才能工作。
53,angry_gd01_001_017.wav,<|zh|><|ANGRY|><|Speech|><|withitn|>,我和我的妻子盼望着和你见面。
54,angry_gd01_001_018.wav,<|zh|><|ANGRY|><|Speech|><|withitn|>,没有找到日程，走的时候请锁门。
55,angry_gd01_001_019.wav,<|zh|><|ANGRY|><|Speech|><|withitn|>,是一家制药公司的短期工。
56,angry_gd01_001_020.wav,<|zh|><|ANGRY|><|Speech|><|withitn|>,我们可以轮流开车。
57,angry_gd01_001_022.wav,<|zh|><|ANGRY|><|Speech|><|withitn|>,这是台湾地区最大的动物园。
58,angry_gd01_001_023.wav,<|zh|><|ANGRY|><|Speech|><|withitn|>,时候不早了，我来了，请指示。
59,angry_gd01_001_024.wav,<|zh|><|ANGRY|><|Speech|><|withitn|>,递给我一些彩球和纸花。
60,angry_gd01_001_026.wav,<|zh|><|ANGRY|><|Speech|><|withitn|>,你不应该害怕开始一段新的感情。
61,angry_gd01_001_027.wav,<|zh|><|ANGRY|><|Speech|><|withitn|>,我肯定会的，那我以后不问了。
62,angry_gd01_001_028.wav,<|zh|><|ANGRY|><|Speech|><|withitn|>,它实际会形成一氧化碳。
63,angry_gd01_001_029.wav,<|zh|><|ANGRY|><|Speech|><|withitn|>,我参加了一个有关全球变暖的集会。
64,angry_gd01_001_030.wav,<|zh|><|ANGRY|><|Speech|><|withitn|>,坐地铁只需要大约20分钟。
65,angry_gd01_001_031.wav,<|zh|><|ANGRY|><|Speech|><|withitn|>,下个月我姐姐要结婚了。
66,angry_gd01_001_032.wav,<|zh|><|ANGRY|><|Speech|><|withitn|>,我是顺路过来跟你告别的。
67,angry_gd01_001_034.wav,<|zh|><|ANGRY|><|Speech|><|withitn|>,你知道我很努力的在戒酒。
68,angry_gd02_001_001.wav,<|zh|><|ANGRY|><|Speech|><|withitn|>,我告退了，晚上回去拍给你。
69,angry_gd02_001_002.wav,<|zh|><|ANGRY|><|Speech|><|withitn|>,今年应该是第27个教师节。
70,angry_gd02_001_003.wav,<|zh|><|ANGRY|><|Speech|><|withitn|>,这个镇上所有人都喜欢扯闲话。
71,angry_gd02_001_004.wav,<|zh|><|ANGRY|><|Speech|><|withitn|>,是没什么，但是挺别扭的。
72,angry_gd02_001_005.wav,<|zh|><|ANGRY|><|Speech|><|withitn|>,香港海洋公园？主人，快带我去。
73,angry_gd02_001_006.wav,<|zh|><|ANGRY|><|Speech|><|withitn|>,如果有我能帮忙的，请告诉我。
74,angry_gd02_001_007.wav,<|zh|><|ANGRY|><|Speech|><|withitn|>,不会这么凑巧吧，我也是十六。
75,angry_gd02_001_008.wav,<|zh|><|ANGRY|><|Speech|><|withitn|>,你女儿和她妈妈长得很像。
76,angry_gd02_001_010.wav,<|zh|><|ANGRY|><|Speech|><|withitn|>,得了吧，别这么胆小了。
77,angry_gd02_001_011.wav,<|zh|><|ANGRY|><|Speech|><|withitn|>,就经常去我们宿舍附近的酒吧。
78,angry_gd02_001_012.wav,<|zh|><|ANGRY|><|Speech|><|withitn|>,很快，车可就自动开了。
79,angry_gd02_001_015.wav,<|zh|><|ANGRY|><|Speech|><|withitn|>,自己的事情要自己做。
80,angry_gd02_001_018.wav,<|zh|><|ANGRY|><|Speech|><|withitn|>,快点起床，我在公寓门口等你。
81,angry_gd02_001_020.wav,<|zh|><|ANGRY|><|Speech|><|withitn|>,那你就离市区很远了。
82,angry_gd02_001_021.wav,<|zh|><|ANGRY|><|Speech|><|withitn|>,是的，请返还我的钱，谢谢。
83,angry_gd02_001_022.wav,<|zh|><|ANGRY|><|Speech|><|withitn|>,不是他住在沃斯顿的老房子里。
84,angry_gd02_001_024.wav,<|zh|><|ANGRY|><|Speech|><|withitn|>,你说我们在芝加哥要待3天的。
85,angry_gd02_001_026.wav,<|zh|><|ANGRY|><|Speech|><|withitn|>,对别人没有，而对我就有？
86,angry_gd02_001_027.wav,<|zh|><|ANGRY|><|Speech|><|withitn|>,我要学习一下相关知识。
87,angry_gd02_001_030.wav,<|zh|><|ANGRY|><|Speech|><|withitn|>,你可以去问鹦鹉啊，鹦鹉会说话。
88,angry_gd02_001_032.wav,<|zh|><|ANGRY|><|Speech|><|withitn|>,不知道，或许一双新鞋。
89,angry_gd03_001_002.wav,<|zh|><|ANGRY|><|Speech|><|withitn|>,你好，布莱恩，正好4点。
90,angry_gd03_001_010.wav,<|zh|><|ANGRY|><|Speech|><|withitn|>,时间对珍妮来说是没有用的。
91,angry_gd03_001_015.wav,<|zh|><|ANGRY|><|Speech|><|withitn|>,炖肉1小时，剩余30分钟18秒。
92,angry_gd03_001_016.wav,<|zh|><|ANGRY|><|Speech|><|withitn|>,也就是一大堆照片。
93,angry_gd03_001_021.wav,<|zh|><|ANGRY|><|Speech|><|withitn|>,裁判全给了满分。
94,angry_gd04_001_016.wav,<|zh|><|ANGRY|><|Speech|><|withitn|>,唐川联系租赁赌场地点，并负责赌场安全。
95,angry_gd05_001_011.wav,<|zh|><|ANGRY|><|Speech|><|withitn|>,因为子女属于受益人，所以医疗费应归他们承担。
96,angry_gd06_001_030.wav,<|zh|><|ANGRY|><|Speech|><|withitn|>,因为这次关系到隔壁那位。
97,angry_gd07_001_006.wav,<|zh|><|ANGRY|><|Speech|><|withitn|>,另一方面，房屋在功能设计上也有所欠缺。
98,angry_gd07_001_008.wav,<|zh|><|ANGRY|><|Speech|><|withitn|>,张中华遗体上的注射针头。
99,angry_gd07_001_012.wav,<|zh|><|ANGRY|><|Speech|><|withitn|>,我们向往与关注的仍然是所谓的精英社会。
100,angry_gd07_001_016.wav,<|zh|><|ANGRY|><|Speech|><|withitn|>,张超峰曾经多次来找沈永阁要房子。
101,angry_gd09_001_028.wav,<|zh|><|ANGRY|><|Speech|><|withitn|>,后来多亏工友把他刨出来。
102,angry_gd09_001_031.wav,<|zh|><|ANGRY|><|Speech|><|withitn|>,杨某心里十分懊恼。
103,angry_gd09_001_034.wav,<|zh|><|ANGRY|><|Speech|><|withitn|>,地面塌陷，也会危及到附近的吉利水库。
104,angry_gd11_001_030.wav,<|zh|><|ANGRY|><|Speech|><|withitn|>,举行群众歌咏，红色旅游。
105,angry_gd12_001_002.wav,<|zh|><|ANGRY|><|Speech|><|withitn|>,看看辉哥就知道了，他的二哥肯定错不了。
106,angry_gd12_001_028.wav,<|zh|><|ANGRY|><|Speech|><|withitn|>,女人的事儿就是麻烦。
107,angry_spe01_001_001.wav,<|zh|><|ANGRY|><|Speech|><|withitn|>,你拿我当什么人了？
108,angry_spe01_001_004.wav,<|zh|><|ANGRY|><|Speech|><|withitn|>,你最好给我安静点儿。
109,angry_spe01_001_006.wav,<|zh|><|ANGRY|><|Speech|><|withitn|>,我有空的时候再说，没看见我正忙着吗？
110,angry_spe01_001_007.wav,<|zh|><|ANGRY|><|Speech|><|withitn|>,好端端的，你，你干嘛打人？
111,angry_spe01_001_008.wav,<|zh|><|ANGRY|><|Speech|><|withitn|>,你能不能不要管那么多事情？
112,angry_spe01_001_009.wav,<|zh|><|ANGRY|><|Speech|><|withitn|>,最不喜欢他那副捉般作事的样子，令人心生厌烦。
113,angry_spe01_001_010.wav,<|zh|><|ANGRY|><|Speech|><|withitn|>,气呀，吃的差，住的更差，没有半点劳动保障。
114,angry_spe01_001_012.wav,<|zh|><|ANGRY|><|Speech|><|withitn|>,你说，我啥时候借你钱了？为什么污蔑我？
115,angry_spe01_001_014.wav,<|zh|><|ANGRY|><|Speech|><|withitn|>,我真的受够了，你滚远点。
116,angry_spe01_001_018.wav,<|zh|><|ANGRY|><|Speech|><|withitn|>,太气人了，这日子过不下去了。
117,angry_spe01_001_020.wav,<|zh|><|ANGRY|><|Speech|><|withitn|>,我跟你讲，你别太欺人太甚。
118,angry_spe01_001_021.wav,<|zh|><|ANGRY|><|Speech|><|withitn|>,我师傅教的怎么不对了？
119,angry_spe01_001_022.wav,<|zh|><|ANGRY|><|Speech|><|withitn|>,连一个微不足道的要求都没有人答应，这种反差让我愤怒。
120,angry_spe01_001_023.wav,<|zh|><|ANGRY|><|Speech|><|withitn|>,奸商，这就是你说的优质品，赶紧把骗子钱还给我。
121,angry_spe01_001_025.wav,<|zh|><|ANGRY|><|Speech|><|withitn|>,青山不改，绿水长流，日后我定会上门讨回今日之耻。
122,angry_spe01_001_026.wav,<|zh|><|ANGRY|><|Speech|><|withitn|>,你真是心胸狭小的人。
123,angry_spe01_001_028.wav,<|zh|><|ANGRY|><|Speech|><|withitn|>,气不知道往哪撒，我已经被他毁了。
124,angry_spe01_001_030.wav,<|zh|><|ANGRY|><|Speech|><|withitn|>,别把人和狗相提并论，狗起码是最忠实的。
125,angry_spe01_001_032.wav,<|zh|><|ANGRY|><|Speech|><|withitn|>,大早起的吵架，有病吧。
126,angry_spe01_001_033.wav,<|zh|><|ANGRY|><|Speech|><|withitn|>,你这种损人利己的行为，应该受到良心的谴责。
127,angry_spe02_001_008.wav,<|zh|><|ANGRY|><|Speech|><|withitn|>,讨厌，你这个坏蛋，你竟然也敢欺负我。
128,angry_spe02_001_014.wav,<|zh|><|ANGRY|><|Speech|><|withitn|>,你看你给我买的苹果，怎么都是坏的呀？
129,angry_spe02_001_015.wav,<|zh|><|ANGRY|><|Speech|><|withitn|>,昨天吃了大亏，今天又被泼脏水，气死我了。
130,angry_spe02_001_021.wav,<|zh|><|ANGRY|><|Speech|><|withitn|>,我感觉头上被泼了一桶冷水，好气呀。
131,angry_spe02_001_029.wav,<|zh|><|ANGRY|><|Speech|><|withitn|>,像你这等人，不用我动手。
132,angry_spe03_001_005.wav,<|zh|><|ANGRY|><|Speech|><|withitn|>,没想到是个疯婆子，我怎么可能被你拉着陪葬？
133,angry_spe03_001_010.wav,<|zh|><|ANGRY|><|Speech|><|withitn|>,他暗地里偷看我的日记，我十分反感。
134,angry_spe03_001_011.wav,<|zh|><|ANGRY|><|Speech|><|withitn|>,你这个人办事儿怎么这么没脑子？
135,angry_spe03_001_017.wav,<|zh|><|ANGRY|><|Speech|><|withitn|>,真不知道你怎么活了这么多年的。
136,angry_spe03_001_024.wav,<|zh|><|ANGRY|><|Speech|><|withitn|>,没有证据的情况下，你休想随意的审判我。
137,angry_spe04_001_001.wav,<|zh|><|ANGRY|><|Speech|><|withitn|>,看他那傲慢的样子，真令人反感。
138,angry_spe04_001_010.wav,<|zh|><|ANGRY|><|Speech|><|withitn|>,你被骂了，跟我有什么关系，给我摆什么臭脸。
139,angry_spe04_001_012.wav,<|zh|><|ANGRY|><|Speech|><|withitn|>,最后一张票也被抢了，我心里非常的不高兴。
140,angry_spe04_001_020.wav,<|zh|><|ANGRY|><|Speech|><|withitn|>,别在我面前眉来眼去的，令人作呕。
141,angry_spe04_001_022.wav,<|zh|><|ANGRY|><|Speech|><|withitn|>,鄙视我的人这么多，你算老几。
142,disg_gd03_001_022.wav,<|zh|><|NEUTRAL|><|Speech|><|withitn|>,我也知道自己是大嘴巴。
143,disg_gd03_001_030.wav,<|zh|><|NEUTRAL|><|Speech|><|withitn|>,小心脚下，人行道上有个坑。
144,disg_gd03_001_034.wav,<|zh|><|ANGRY|><|Speech|><|withitn|>,让我再想想，真相已经上传了。
145,disg_gd03_001_035.wav,<|zh|><|NEUTRAL|><|Speech|><|withitn|>,这样，你就有时间挥拍打球了。
146,disg_gd04_001_014.wav,<|zh|><|SURPRISED|><|Speech|><|withitn|>,最近很冷，风又大。
147,disg_gd04_001_026.wav,<|zh|><|NEUTRAL|><|Speech|><|withitn|>,三个，两个儿子，一个女儿。
148,disg_gd05_001_007.wav,<|zh|><|NEUTRAL|><|Speech|><|withitn|>,此消息立即在牙买加引起议论。
149,disg_gd05_001_009.wav,<|zh|><|NEUTRAL|><|Speech|><|withitn|>,大会还选举产生了新一届中央纪律检查委员会。
150,disg_gd06_001_001.wav,<|zh|><|NEUTRAL|><|Speech|><|withitn|>,对腐败问题一定要严惩。
151,disg_gd06_001_011.wav,<|zh|><|ANGRY|><|Speech|><|withitn|>,这是上次的劳务费，你数数。
152,disg_gd06_001_020.wav,<|zh|><|NEUTRAL|><|Speech|><|withitn|>,你就是磕头作揖，说好话，也得跟夏英挽回关系。
153,disg_gd07_001_008.wav,<|zh|><|ANGRY|><|Speech|><|withitn|>,大姐，这是我的全部家当，你一定得帮我。
154,disg_gd07_001_009.wav,<|zh|><|ANGRY|><|Speech|><|withitn|>,不是，关键是我见了他不知道说什么。
155,disg_gd07_001_012.wav,<|zh|><|ANGRY|><|Speech|><|withitn|>,还不迟到过阵子再说吧，休息一下。
156,disg_gd07_001_015.wav,<|zh|><|ANGRY|><|Speech|><|withitn|>,哪能事无巨细请教，丧失自己独立思考的精神。
157,disg_gd08_001_008.wav,<|zh|><|NEUTRAL|><|Speech|><|withitn|>,因此，掏耳朵只能清理外耳。
158,disg_gd08_001_013.wav,<|zh|><|NEUTRAL|><|Speech|><|withitn|>,月奶汤就是米酒水。
159,disg_gd08_001_015.wav,<|zh|><|NEUTRAL|><|Speech|><|withitn|>,临聘教师与在编教师都是老师，做好自己就够了。
160,disg_gd09_001_008.wav,<|zh|><|NEUTRAL|><|Speech|><|withitn|>,母女俩目前是租住在另一个社区。
161,disg_gd09_001_012.wav,<|zh|><|NEUTRAL|><|Speech|><|withitn|>,粮食米粉市场价格很快回调至涨价前水平。
162,disg_gd09_001_013.wav,<|zh|><|NEUTRAL|><|Speech|><|withitn|>,作为奥运狂热分子，他还不忘为选手默默加油。
163,disg_gd09_001_026.wav,<|zh|><|NEUTRAL|><|Speech|><|withitn|>,此网帖一出，立即被众人转发。
164,disg_gd09_001_032.wav,<|zh|><|NEUTRAL|><|Speech|><|withitn|>,分母大，分子小，自然摇号中签率较低。
165,disg_gd10_001_005.wav,<|zh|><|ANGRY|><|Speech|><|withitn|>,又走回来，坐在我左边，开始对我搂搂抱抱。
166,disg_gd10_001_007.wav,<|zh|><|ANGRY|><|Speech|><|withitn|>,我站在后面，腿脚都给压住了。
167,disg_gd10_001_008.wav,<|zh|><|NEUTRAL|><|Speech|><|withitn|>,明天记者将继续上路，找寻担忧爷。
168,disg_gd10_001_011.wav,<|zh|><|NEUTRAL|><|Speech|><|withitn|>,毕家兄弟再次傻眼。
169,disg_gd10_001_020.wav,<|zh|><|NEUTRAL|><|Speech|><|withitn|>,反对派武装使用的手雷。
170,disg_gd11_001_014.wav,<|zh|><|NEUTRAL|><|Speech|><|withitn|>,最终，他决定创办一家养老院。
171,disg_gd11_001_015.wav,<|zh|><|NEUTRAL|><|Speech|><|withitn|>,前一段时间，我们连续多次辟谣，澄清谣言。
172,disg_gd11_001_030.wav,<|zh|><|NEUTRAL|><|Speech|><|withitn|>,其次，水库水电站安全问题也很突出。
173,disg_gd12_001_005.wav,<|zh|><|NEUTRAL|><|Speech|><|withitn|>,据悉，美国和欧洲官员获邀参加。
174,disg_gd12_001_030.wav,<|zh|><|NEUTRAL|><|Speech|><|withitn|>,大慈寺街区的建设从政府主导转向企业经营。
175,disg_gd13_001_006.wav,<|zh|><|NEUTRAL|><|Speech|><|withitn|>,没好气的挂断信号。
176,disg_gd13_001_014.wav,<|zh|><|SURPRISED|><|Speech|><|withitn|>,当年他一节课都没去上，不被荡掉才奇怪。
177,disg_gd13_001_023.wav,<|zh|><|ANGRY|><|Speech|><|withitn|>,就不像你们整天忧心忡忡，感觉天要塌了一样。
178,disg_gd13_001_024.wav,<|zh|><|ANGRY|><|Speech|><|withitn|>,我藏身到草甸子，不让别人发现就好。
179,disg_gd13_001_033.wav,<|zh|><|SURPRISED|><|Speech|><|withitn|>,他们呢？这是我多年的老朋友来联络一下感情。
180,disg_sp01_001_001.wav,<|zh|><|NEUTRAL|><|Speech|><|withitn|>,见到他对面走来，能绕道就尽让绕道走。
181,disg_sp01_001_025.wav,<|zh|><|NEUTRAL|><|Speech|><|withitn|>,幸灾乐祸的人到哪里都是令人厌烦的。
182,disg_sp01_001_028.wav,<|zh|><|SURPRISED|><|Speech|><|withitn|>,你怎么长得和猪一样，肥？
183,disg_sp02_001_007.wav,<|zh|><|NEUTRAL|><|Speech|><|withitn|>,我做事用不着，所有人都点头，我活着就是让讨厌我的人越来越不爽。
184,disg_sp02_001_008.wav,<|zh|><|NEUTRAL|><|Speech|><|withitn|>,小草说，今天你踩我头上，明天我长你坟上。
185,disg_sp02_001_024.wav,<|zh|><|NEUTRAL|><|Speech|><|withitn|>,他那副得意忘形，摇头摆尾的样子，真令人恶心。
186,disg_sp03_001_009.wav,<|zh|><|ANGRY|><|Speech|><|withitn|>,生存即苦难，活着即炼狱，我们无处可逃。
187,disg_sp03_001_031.wav,<|zh|><|ANGRY|><|Speech|><|withitn|>,真的很后悔和你交往，讨厌那种恨超过爱的感觉。
188,disg_sp04_001_012.wav,<|zh|><|ANGRY|><|Speech|><|withitn|>,大哥，把你脸上的分辨率调低一点好吗？
189,disg_sp04_001_028.wav,<|zh|><|ANGRY|><|Speech|><|withitn|>,什么道歉？虚假的安慰，都离我远一些。
190,fear_gd03_001_010.wav,<|zh|><|SURPRISED|><|Speech|><|withitn|>,我也知道自己是大嘴巴。
191,fear_gd03_001_016.wav,<|zh|><|ANGRY|><|Speech|><|withitn|>,小心脚下，人行道上有个坑。
192,fear_gd03_001_020.wav,<|zh|><|SAD|><|Speech|><|withitn|>,让我再想想，真相已经上传了。
193,fear_gd03_001_021.wav,<|zh|><|NEUTRAL|><|Speech|><|withitn|>,这样，你就有时间挥拍打球了。
194,fear_gd04_001_008.wav,<|zh|><|EMO_UNKNOWN|><|Speech|><|withitn|>,最近很冷，风又大。
195,fear_gd04_001_019.wav,<|zh|><|SURPRISED|><|Speech|><|withitn|>,三个，两个儿子，一个女儿。
196,fear_gd05_001_007.wav,<|zh|><|SURPRISED|><|Speech|><|withitn|>,此消息立即在牙买加引起议论。
197,fear_gd05_001_009.wav,<|zh|><|NEUTRAL|><|Speech|><|withitn|>,大会还选举产生了新一届中央纪律检查委员会。
198,fear_gd06_001_001.wav,<|zh|><|EMO_UNKNOWN|><|Speech|><|withitn|>,对腐败问题一定要严惩。
199,fear_gd06_001_011.wav,<|zh|><|ANGRY|><|Speech|><|withitn|>,这是上次的劳务费，你数数。
200,fear_gd06_001_023.wav,<|zh|><|ANGRY|><|Speech|><|withitn|>,你就是磕头作揖，说好话，也得跟夏英挽回关系。
201,fear_gd07_001_007.wav,<|zh|><|ANGRY|><|Speech|><|withitn|>,大姐，这是我的全部家当，你一定得帮我。
202,fear_gd07_001_008.wav,<|zh|><|SAD|><|Speech|><|withitn|>,不是，关键是我见了他不知道说什么。
203,fear_gd07_001_011.wav,<|zh|><|ANGRY|><|Speech|><|withitn|>,还不迟到过阵子再说吧，休息一下。
204,fear_gd07_001_014.wav,<|zh|><|ANGRY|><|Speech|><|withitn|>,哪能事无巨细请教，丧失自己独立思考的精神。
205,fear_gd08_001_007.wav,<|zh|><|EMO_UNKNOWN|><|Speech|><|withitn|>,因此，掏耳朵只能清理外耳。
206,fear_gd08_001_013.wav,<|zh|><|SAD|><|Speech|><|withitn|>,月奶汤就是米酒水。
207,fear_gd08_001_015.wav,<|zh|><|NEUTRAL|><|Speech|><|withitn|>,临聘教师与在编教师都是老师，做好自己就够了。
208,fear_gd09_001_008.wav,<|zh|><|NEUTRAL|><|Speech|><|withitn|>,母女俩目前是租住在另一个社区。
209,fear_gd09_001_011.wav,<|zh|><|NEUTRAL|><|Speech|><|withitn|>,粮食米粉市场价格很快回调至涨价前水平。
210,fear_gd09_001_013.wav,<|zh|><|SAD|><|Speech|><|withitn|>,作为奥运狂热分子，他还不忘为选手默默加油。
211,fear_gd09_001_027.wav,<|zh|><|ANGRY|><|Speech|><|withitn|>,此网帖一出，立即被众人转发。
212,fear_gd09_001_033.wav,<|zh|><|EMO_UNKNOWN|><|Speech|><|withitn|>,分母大，分子小，自然摇号中签率较低。
213,fear_gd10_001_005.wav,<|zh|><|EMO_UNKNOWN|><|Speech|><|withitn|>,又走回来，坐在我左边，开始对我搂搂抱抱。
214,fear_gd10_001_007.wav,<|zh|><|SAD|><|Speech|><|withitn|>,我站在后面，腿脚都给压住了。
215,fear_gd10_001_009.wav,<|zh|><|NEUTRAL|><|Speech|><|withitn|>,明天记者将继续上路，找寻担忧爷。
216,fear_gd10_001_012.wav,<|zh|><|ANGRY|><|Speech|><|withitn|>,毕家兄弟再次傻眼。
217,fear_gd10_001_020.wav,<|zh|><|NEUTRAL|><|Speech|><|withitn|>,反对派武装使用的手雷。
218,fear_gd11_001_014.wav,<|zh|><|NEUTRAL|><|Speech|><|withitn|>,最终，他决定创办一家养老院。
219,fear_gd11_001_015.wav,<|zh|><|NEUTRAL|><|Speech|><|withitn|>,前一段时间，我们连续多次辟谣，澄清谣言。
220,fear_gd11_001_031.wav,<|zh|><|NEUTRAL|><|Speech|><|withitn|>,其次，水库水电站安全问题也很突出。
221,fear_gd12_001_006.wav,<|zh|><|NEUTRAL|><|Speech|><|withitn|>,据悉，美国和欧洲官员获邀参加。
222,fear_gd12_001_030.wav,<|zh|><|EMO_UNKNOWN|><|Speech|><|withitn|>,大慈寺街区的建设从政府主导转向企业经营。
223,fear_gd13_001_008.wav,<|zh|><|NEUTRAL|><|Speech|><|withitn|>,没好气的挂断信号。
224,fear_gd13_001_015.wav,<|zh|><|SURPRISED|><|Speech|><|withitn|>,当年他一节课都没去上，不被荡掉才奇怪。
225,fear_gd13_001_023.wav,<|zh|><|ANGRY|><|Speech|><|withitn|>,就不像你们整天忧心忡忡，感觉天要塌了一样。
226,fear_gd13_001_024.wav,<|zh|><|EMO_UNKNOWN|><|Speech|><|withitn|>,我藏身到草甸子，不让别人发现就好。
227,fear_gd13_001_035.wav,<|zh|><|SURPRISED|><|Speech|><|withitn|>,他们呢？这是我多年的老朋友来联络一下感情。
228,fear_gd04_001_006.wav,<|zh|><|ANGRY|><|Speech|><|withitn|>,大部分都是用诱饵钓到的。
229,fear_gd05_001_025.wav,<|zh|><|NEUTRAL|><|Speech|><|withitn|>,依据公务员法有关规定，将对王辉予以辞退。
230,fear_gd05_001_027.wav,<|zh|><|ANGRY|><|Speech|><|withitn|>,对北京而言，没什么，比这更重要了。
231,fear_gd06_001_004.wav,<|zh|><|ANGRY|><|Speech|><|withitn|>,但可接触到不少人，所以容易泄露。
232,fear_gd06_001_007.wav,<|zh|><|ANGRY|><|Speech|><|withitn|>,值得注意的是，就在前一天，央行做出了类似表态。
233,fear_gd06_001_015.wav,<|zh|><|SAD|><|Speech|><|withitn|>,谈论伟大考研事业的时候，请忽略我。
234,fear_gd07_001_001.wav,<|zh|><|SURPRISED|><|Speech|><|withitn|>,是跑得蛮快的。
235,fear_gd07_001_012.wav,<|zh|><|ANGRY|><|Speech|><|withitn|>,大姑娘又怎么了？你背背。
236,fear_gd07_001_016.wav,<|zh|><|ANGRY|><|Speech|><|withitn|>,抓紧做了，这周我就要在宣传栏上看见东西。
237,fear_gd07_001_017.wav,<|zh|><|EMO_UNKNOWN|><|Speech|><|withitn|>,把他当劈柴有点可惜了。
238,fear_gd08_001_024.wav,<|zh|><|EMO_UNKNOWN|><|Speech|><|withitn|>,众人划着充气阀，将第一批救灾物资运到村内。
239,fear_gd09_001_006.wav,<|zh|><|SAD|><|Speech|><|withitn|>,我们有点像伯乐。
240,fear_gd09_001_016.wav,<|zh|><|NEUTRAL|><|Speech|><|withitn|>,保险公司应在交强险责任限额范围内予以赔偿。
241,fear_gd09_001_024.wav,<|zh|><|NEUTRAL|><|Speech|><|withitn|>,此时，杨某某与一名男子在一辆面包车上。
242,fear_gd10_001_013.wav,<|zh|><|NEUTRAL|><|Speech|><|withitn|>,假冒的医院病房间也被没收。
243,fear_gd10_001_021.wav,<|zh|><|NEUTRAL|><|Speech|><|withitn|>,北京网民戏称，这是老天爷在摸黑倒水。
244,fear_gd10_001_028.wav,<|zh|><|NEUTRAL|><|Speech|><|withitn|>,墨脱是目前中国唯一不通公路的县。
245,fear_gd10_001_030.wav,<|zh|><|ANGRY|><|Speech|><|withitn|>,学生痴迷网络游戏。
246,fear_gd11_001_009.wav,<|zh|><|EMO_UNKNOWN|><|Speech|><|withitn|>,因此，我们不仅要打老虎，也要打苍蝇。
247,fear_gd11_001_010.wav,<|zh|><|EMO_UNKNOWN|><|Speech|><|withitn|>,去现场目击者介绍，该工地会有人员被掩埋。
248,fear_gd12_001_010.wav,<|zh|><|NEUTRAL|><|Speech|><|withitn|>,当铁球与护网发生接触后，最后被护网接住。
249,fear_gd12_001_021.wav,<|zh|><|NEUTRAL|><|Speech|><|withitn|>,可信独立郡开始以主动进攻代替防御。
250,fear_gd12_001_026.wav,<|zh|><|ANGRY|><|Speech|><|withitn|>,后来各种有关乌鸡的指控都落到了炮手的身上。
251,fear_gd13_001_010.wav,<|zh|><|NEUTRAL|><|Speech|><|withitn|>,为秋天增添凄美和朦胧，夫妇点缀爱情的天空。
252,fear_gd13_001_012.wav,<|zh|><|SAD|><|Speech|><|withitn|>,就像一条无尽的山路，忽然间柳暗花明。
253,fear_gd13_001_019.wav,<|zh|><|SAD|><|Speech|><|withitn|>,那你就休息吧，坐了几天火车，都累坏了。
254,fear_gd13_001_020.wav,<|zh|><|EMO_UNKNOWN|><|Speech|><|withitn|>,大家也难得一聚。
255,fear_sp01_001_001.wav,<|zh|><|ANGRY|><|Speech|><|withitn|>,别走，他的脸好吓人，别留下我一个人。
256,fear_sp01_001_002.wav,<|zh|><|HAPPY|><|Speech|><|withitn|>,不行啊不行啊，我害怕遭到他的报复。
257,fear_sp01_001_021.wav,<|zh|><|ANGRY|><|Speech|><|withitn|>,与生人面谈时，小兔子总有点局促不安。
258,fear_sp01_001_022.wav,<|zh|><|SURPRISED|><|Speech|><|withitn|>,很晚了，还不见儿子回来，父亲有些坐立不安了。
259,fear_sp01_001_023.wav,<|zh|><|ANGRY|><|Speech|><|withitn|>,每一次到深山密林中探险，好可怕。
260,fear_sp02_001_008.wav,<|zh|><|ANGRY|><|Speech|><|withitn|>,这个屠户长着一副凶神恶煞的样子，叫人看了就害怕。
261,fear_sp02_001_018.wav,<|zh|><|ANGRY|><|Speech|><|withitn|>,天哪，这个月的业绩不能达标了。
262,fear_sp02_001_020.wav,<|zh|><|NEUTRAL|><|Speech|><|withitn|>,后天就要参加学测了，小红帽害怕的无法入睡。
263,fear_sp02_001_022.wav,<|zh|><|EMO_UNKNOWN|><|Speech|><|withitn|>,这篇小说情节跌宕起伏，太恐怖了。
264,fear_sp02_001_025.wav,<|zh|><|ANGRY|><|Speech|><|withitn|>,恐怖分子正在教小朋友杀人。
265,fear_sp03_001_010.wav,<|zh|><|ANGRY|><|Speech|><|withitn|>,今天我做错事了，不敢坦白，整晚都很害怕。
266,fear_sp03_001_017.wav,<|zh|><|ANGRY|><|Speech|><|withitn|>,这个胆大妄为的乖孩子，当然令整个家族都害怕。
267,fear_sp03_001_018.wav,<|zh|><|ANGRY|><|Speech|><|withitn|>,丢钱的时候，我就像一只没头的苍蝇似的。
268,fear_sp03_001_021.wav,<|zh|><|NEUTRAL|><|Speech|><|withitn|>,在颁奖仪式快要开始的时候，我看到他在扇扇子。
269,fear_sp03_001_030.wav,<|zh|><|ANGRY|><|Speech|><|withitn|>,他一听河东狮吼，就吓得心慌意乱，真是没有男子气概。
270,fear_sp03_001_032.wav,<|zh|><|ANGRY|><|Speech|><|withitn|>,一听他要双归，顿时心慌意乱，如坐针毡。
271,fear_sp03_001_034.wav,<|zh|><|ANGRY|><|Speech|><|withitn|>,每次老师在上课期间提问时，我都感到忐忑不安。
272,fear_sp03_001_035.wav,<|zh|><|SAD|><|Speech|><|withitn|>,今天第一次对爸爸撒了谎，我心里一直忐忑不安。
273,fear_sp04_001_005.wav,<|zh|><|ANGRY|><|Speech|><|withitn|>,百般无奈，我只好忐忑不安的坐在座位上。
274,fear_sp04_001_006.wav,<|zh|><|ANGRY|><|Speech|><|withitn|>,大家都感到害怕，纷纷打听新法官的为人是宽容还是严峻。
275,fear_sp04_001_008.wav,<|zh|><|SURPRISED|><|Speech|><|withitn|>,人民币贬值了，我的存款怎么办？
276,fear_sp04_001_009.wav,<|zh|><|ANGRY|><|Speech|><|withitn|>,他对彼此相见一直很害怕。
277,fear_sp04_001_011.wav,<|zh|><|SAD|><|Speech|><|withitn|>,妈妈，这屋子里面有鬼。
278,fear_sp04_001_012.wav,<|zh|><|ANGRY|><|Speech|><|withitn|>,妹妹在考场时抄别人的答案，生怕被别人发现。
279,fear_sp04_001_014.wav,<|zh|><|ANGRY|><|Speech|><|withitn|>,妹妹拿着成绩单，妹妹忐忑不安的站在那儿等待着爸爸的处罚。
280,fear_sp04_001_015.wav,<|zh|><|SAD|><|Speech|><|withitn|>,难道你想让我心里总是忐忑不安的吗？
281,fear_sp04_001_017.wav,<|zh|><|ANGRY|><|Speech|><|withitn|>,事情发生的太过突然，大家一时六神无主。
282,fear_sp04_001_018.wav,<|zh|><|ANGRY|><|Speech|><|withitn|>,他胆子小，被眼前的阵势吓得六神无主了。
283,fear_sp04_001_019.wav,<|zh|><|ANGRY|><|Speech|><|withitn|>,妈妈突然犯病，爸爸又不在家，我们兄弟简直是要怕死了。
284,fear_sp04_001_021.wav,<|zh|><|ANGRY|><|Speech|><|withitn|>,那个可怜的男孩见到父亲到处找棍子。
285,happy_gd04_001_006.wav,<|zh|><|HAPPY|><|Speech|><|withitn|>,我也知道自己是大嘴巴。
286,happy_gd04_001_014.wav,<|zh|><|HAPPY|><|Speech|><|withitn|>,小心脚下，人行道上有个坑。
287,happy_gd04_001_022.wav,<|zh|><|HAPPY|><|Speech|><|withitn|>,让我再想想，真相已经上传了。
288,happy_gd04_001_023.wav,<|zh|><|HAPPY|><|Speech|><|withitn|>,这样，你就有时间挥拍打球了。
289,happy_gd05_001_013.wav,<|zh|><|HAPPY|><|Speech|><|withitn|>,最近很冷，风又大。
290,happy_gd05_001_028.wav,<|zh|><|HAPPY|><|Speech|><|withitn|>,三个，两个儿子，一个女儿。
291,happy_gd06_001_009.wav,<|zh|><|HAPPY|><|Speech|><|withitn|>,此消息立即在牙买加引起议论。
292,happy_gd06_001_012.wav,<|zh|><|HAPPY|><|Speech|><|withitn|>,大会还选举产生了新一届中央纪律检查委员会。
293,happy_gd07_001_008.wav,<|zh|><|NEUTRAL|><|Speech|><|withitn|>,对腐败问题一定要严惩。
294,happy_gd07_001_023.wav,<|zh|><|ANGRY|><|Speech|><|withitn|>,这是上次的劳务费，你数数。
295,happy_gd08_001_005.wav,<|zh|><|HAPPY|><|Speech|><|withitn|>,你就是磕头作揖，说好话，也得跟夏英挽回关系。
296,happy_gd08_001_019.wav,<|zh|><|HAPPY|><|Speech|><|withitn|>,大姐，这是我的全部家当，你一定得帮我。
297,happy_gd08_001_020.wav,<|zh|><|HAPPY|><|Speech|><|withitn|>,不是，关键是我见了他不知道说什么。
298,happy_gd09_001_003.wav,<|zh|><|HAPPY|><|Speech|><|withitn|>,还不迟到过阵子再说吧，休息一下。
299,happy_gd09_001_008.wav,<|zh|><|ANGRY|><|Speech|><|withitn|>,哪能事无巨细请教，丧失自己独立思考的精神。
300,happy_gd10_001_013.wav,<|zh|><|HAPPY|><|Speech|><|withitn|>,因此，掏耳朵只能清理外耳。
301,happy_gd10_001_018.wav,<|zh|><|HAPPY|><|Speech|><|withitn|>,月奶汤就是米酒水。
302,happy_gd10_001_020.wav,<|zh|><|HAPPY|><|Speech|><|withitn|>,临聘教师与在编教师都是老师，做好自己就够了。
303,happy_gd11_001_011.wav,<|zh|><|HAPPY|><|Speech|><|withitn|>,母女俩目前是租住在另一个社区。
304,happy_gd11_001_017.wav,<|zh|><|HAPPY|><|Speech|><|withitn|>,粮食米粉市场价格很快回调至涨价前水平。
305,happy_gd11_001_018.wav,<|zh|><|HAPPY|><|Speech|><|withitn|>,作为奥运狂热分子，他还不忘为选手默默加油。
306,happy_gd12_001_005.wav,<|zh|><|HAPPY|><|Speech|><|withitn|>,此网帖一出，立即被众人转发。
307,happy_gd12_001_012.wav,<|zh|><|HAPPY|><|Speech|><|withitn|>,分母大，分子小，自然摇号中签率较低。
308,happy_gd12_001_021.wav,<|zh|><|HAPPY|><|Speech|><|withitn|>,又走回来，坐在我左边，开始对我搂搂抱抱。
309,happy_gd12_001_025.wav,<|zh|><|HAPPY|><|Speech|><|withitn|>,我站在后面，腿脚都给压住了。
310,happy_gd12_001_026.wav,<|zh|><|HAPPY|><|Speech|><|withitn|>,明天记者将继续上路，找寻担忧爷。
311,happy_gd13_001_002.wav,<|zh|><|HAPPY|><|Speech|><|withitn|>,毕家兄弟再次傻眼。
312,happy_gd13_001_011.wav,<|zh|><|NEUTRAL|><|Speech|><|withitn|>,反对派武装使用的手雷。
313,happy_gd14_001_014.wav,<|zh|><|HAPPY|><|Speech|><|withitn|>,最终，他决定创办一家养老院。
314,happy_gd14_001_015.wav,<|zh|><|HAPPY|><|Speech|><|withitn|>,前一段时间，我们连续多次辟谣，澄清谣言。
315,happy_gd14_001_033.wav,<|zh|><|HAPPY|><|Speech|><|withitn|>,其次，水库水电站安全问题也很突出。
316,happy_gd15_001_007.wav,<|zh|><|HAPPY|><|Speech|><|withitn|>,据悉，美国和欧洲官员获邀参加。
317,happy_gd16_001_008.wav,<|zh|><|HAPPY|><|Speech|><|withitn|>,大慈寺街区的建设从政府主导转向企业经营。
318,happy_gd16_001_018.wav,<|zh|><|HAPPY|><|Speech|><|withitn|>,没好气的挂断信号。
319,happy_gd16_001_028.wav,<|zh|><|SURPRISED|><|Speech|><|withitn|>,当年他一节课都没去上，不被荡掉才奇怪。
320,happy_gd16_001_037.wav,<|zh|><|HAPPY|><|Speech|><|withitn|>,就不像你们整天忧心忡忡，感觉天要塌了一样。
321,happy_gd16_001_038.wav,<|zh|><|HAPPY|><|Speech|><|withitn|>,我藏身到草甸子，不让别人发现就好。
322,happy_gd16_001_048.wav,<|zh|><|HAPPY|><|Speech|><|withitn|>,他们呢？这是我多年的老朋友来联络一下感情。
323,happy_gd01_001_001.wav,<|zh|><|HAPPY|><|Speech|><|withitn|>,英国的哲学家曾经说过。
324,happy_gd01_001_002.wav,<|zh|><|HAPPY|><|Speech|><|withitn|>,我老家在北京。
325,happy_gd01_001_003.wav,<|zh|><|HAPPY|><|Speech|><|withitn|>,我每个月打一次电话。
326,happy_gd01_001_004.wav,<|zh|><|HAPPY|><|Speech|><|withitn|>,你每次谈恋爱都像现在这样。
327,happy_gd01_001_005.wav,<|zh|><|HAPPY|><|Speech|><|withitn|>,很快你上大学就用得到了。
328,happy_gd01_001_008.wav,<|zh|><|HAPPY|><|Speech|><|withitn|>,已经播至该专辑最后一个声音。
329,happy_gd01_001_009.wav,<|zh|><|HAPPY|><|Speech|><|withitn|>,我和我朋友刚从巴厘岛回来。
330,happy_gd01_001_010.wav,<|zh|><|HAPPY|><|Speech|><|withitn|>,你的身影总是在我心里晃来晃去。
331,happy_gd01_001_011.wav,<|zh|><|HAPPY|><|Speech|><|withitn|>,我觉得并不是非要有特别的品质。
332,happy_gd01_001_014.wav,<|zh|><|HAPPY|><|Speech|><|withitn|>,工厂不把它直接排到大气中。
333,happy_gd01_001_015.wav,<|zh|><|HAPPY|><|Speech|><|withitn|>,没错，就是车门。另外两个人问他说。
334,happy_gd01_001_017.wav,<|zh|><|HAPPY|><|Speech|><|withitn|>,除非你打飞碟球，但这是不可能的。
335,happy_gd01_001_018.wav,<|zh|><|HAPPY|><|Speech|><|withitn|>,没听清，请问什么时间提醒你？
336,happy_gd01_001_019.wav,<|zh|><|HAPPY|><|Speech|><|withitn|>,这样无辜的人就不会被杀了。
337,happy_gd02_001_001.wav,<|zh|><|HAPPY|><|Speech|><|withitn|>,我必须一直通电才能工作。
338,happy_gd02_001_002.wav,<|zh|><|HAPPY|><|Speech|><|withitn|>,我和我的妻子盼望着和您见面。
339,happy_gd02_001_003.wav,<|zh|><|HAPPY|><|Speech|><|withitn|>,没有找到日程，走的时候请锁门。
340,happy_gd02_001_004.wav,<|zh|><|HAPPY|><|Speech|><|withitn|>,是一家制药公司的短期工。
341,happy_gd02_001_005.wav,<|zh|><|HAPPY|><|Speech|><|withitn|>,我们可以轮流开车。
342,happy_gd02_001_007.wav,<|zh|><|SURPRISED|><|Speech|><|withitn|>,这是台湾地区最大的动物园。
343,happy_gd02_001_009.wav,<|zh|><|HAPPY|><|Speech|><|withitn|>,时候不早了，我来了，请指示。
344,happy_gd02_001_010.wav,<|zh|><|HAPPY|><|Speech|><|withitn|>,递给我一些彩球和纸花。
345,happy_gd02_001_011.wav,<|zh|><|NEUTRAL|><|Speech|><|withitn|>,你不应该害怕开始一段新的感情。
346,happy_gd02_001_012.wav,<|zh|><|SURPRISED|><|Speech|><|withitn|>,我肯定会的，那我以后不问了。
347,happy_gd02_001_013.wav,<|zh|><|NEUTRAL|><|Speech|><|withitn|>,它实际会形成一氧化碳。
348,happy_gd02_001_014.wav,<|zh|><|HAPPY|><|Speech|><|withitn|>,我参加了一个有关全球变暖的集会。
349,happy_gd02_001_016.wav,<|zh|><|NEUTRAL|><|Speech|><|withitn|>,坐地铁只需要大约20分钟。
350,happy_gd02_001_018.wav,<|zh|><|HAPPY|><|Speech|><|withitn|>,下个月我姐姐要结婚了。
351,happy_gd02_001_019.wav,<|zh|><|HAPPY|><|Speech|><|withitn|>,我是顺路过来跟你告别的。
352,happy_gd02_001_022.wav,<|zh|><|ANGRY|><|Speech|><|withitn|>,你知道我很努力的在戒酒。
353,happy_gd02_001_023.wav,<|zh|><|HAPPY|><|Speech|><|withitn|>,我告退了，晚上回去拍给你。
354,happy_gd02_001_025.wav,<|zh|><|HAPPY|><|Speech|><|withitn|>,今年应该是第27个教师节。
355,happy_gd02_001_026.wav,<|zh|><|EMO_UNKNOWN|><|Speech|><|withitn|>,这个镇上所有的人都喜欢扯闲话。
356,happy_gd02_001_027.wav,<|zh|><|SURPRISED|><|Speech|><|withitn|>,是没什么，但是挺别扭的。
357,happy_gd02_001_028.wav,<|zh|><|HAPPY|><|Speech|><|withitn|>,香港海洋公园？主人，快带我去。
358,happy_gd02_001_029.wav,<|zh|><|HAPPY|><|Speech|><|withitn|>,如果有我能帮忙的，请告诉我。
359,happy_gd02_001_030.wav,<|zh|><|HAPPY|><|Speech|><|withitn|>,不会这么凑巧吧，我也是十六。
360,happy_gd03_001_003.wav,<|zh|><|HAPPY|><|Speech|><|withitn|>,你女儿和她妈妈长得很像。
361,happy_gd03_001_007.wav,<|zh|><|HAPPY|><|Speech|><|withitn|>,得了吧，别这么胆小啦。
362,happy_gd03_001_009.wav,<|zh|><|HAPPY|><|Speech|><|withitn|>,就经常去我们宿舍附近的酒吧。
363,happy_gd03_001_010.wav,<|zh|><|HAPPY|><|Speech|><|withitn|>,很快，车可就自动开了。
364,happy_gd03_001_014.wav,<|zh|><|HAPPY|><|Speech|><|withitn|>,自己的事情要自己做。
365,happy_gd03_001_018.wav,<|zh|><|HAPPY|><|Speech|><|withitn|>,快点起床，我在公寓门口等你。
366,happy_gd03_001_021.wav,<|zh|><|HAPPY|><|Speech|><|withitn|>,那你就离市区很远了。
367,happy_gd03_001_022.wav,<|zh|><|HAPPY|><|Speech|><|withitn|>,是的，请返还我的钱，谢谢。
368,happy_gd03_001_023.wav,<|zh|><|HAPPY|><|Speech|><|withitn|>,不是，他住在沃斯顿的老房子里。
369,happy_gd03_001_026.wav,<|zh|><|HAPPY|><|Speech|><|withitn|>,你说我们在芝加哥要待3天的。
370,happy_gd04_001_002.wav,<|zh|><|ANGRY|><|Speech|><|withitn|>,对别人没有，而对我就有。
371,happy_gd04_001_003.wav,<|zh|><|HAPPY|><|Speech|><|withitn|>,我要学习一下相关知识。
372,happy_gd04_001_008.wav,<|zh|><|HAPPY|><|Speech|><|withitn|>,你可以去问鹦鹉啊，鹦鹉会说话。
373,happy_gd04_001_010.wav,<|zh|><|HAPPY|><|Speech|><|withitn|>,不知道，或许一双新鞋。
374,happy_gd04_001_013.wav,<|zh|><|HAPPY|><|Speech|><|withitn|>,你好布莱恩，正好4点。
375,happy_gd04_001_018.wav,<|zh|><|HAPPY|><|Speech|><|withitn|>,我曾在一家船运公司里面做过6年。
376,happy_gd04_001_024.wav,<|zh|><|HAPPY|><|Speech|><|withitn|>,时间对珍妮来说是没有用的。
377,happy_gd05_001_002.wav,<|zh|><|HAPPY|><|Speech|><|withitn|>,炖肉1小时，剩余30分钟18秒。
378,happy_gd05_001_003.wav,<|zh|><|HAPPY|><|Speech|><|withitn|>,也就是一大堆照片。
379,happy_gd05_001_009.wav,<|zh|><|SURPRISED|><|Speech|><|withitn|>,裁判全给了满分。
380,happy_gd06_001_011.wav,<|zh|><|HAPPY|><|Speech|><|withitn|>,唐川联系租赁赌场地点，并负责赌场安全。
381,happy_gd07_001_010.wav,<|zh|><|EMO_UNKNOWN|><|Speech|><|withitn|>,因为子女属于受益人，所以他们承担。
382,happy_gd10_001_002.wav,<|zh|><|HAPPY|><|Speech|><|withitn|>,因为这次关系到隔壁那位。
383,happy_gd10_001_012.wav,<|zh|><|HAPPY|><|Speech|><|withitn|>,另一方面，房屋在功能设计上也有所欠缺。
384,happy_gd10_001_014.wav,<|zh|><|NEUTRAL|><|Speech|><|withitn|>,张中华遗体上的注射针头。
385,happy_gd10_001_017.wav,<|zh|><|HAPPY|><|Speech|><|withitn|>,我们向往与关注的仍然是所谓的精英社会。
386,happy_gd10_001_021.wav,<|zh|><|HAPPY|><|Speech|><|withitn|>,多次来找沈永阁要房子。
387,happy_gd13_001_014.wav,<|zh|><|HAPPY|><|Speech|><|withitn|>,后来多亏工友把他刨出来。
388,happy_gd13_001_019.wav,<|zh|><|HAPPY|><|Speech|><|withitn|>,杨某心里十分懊恼。
389,happy_gd13_001_022.wav,<|zh|><|HAPPY|><|Speech|><|withitn|>,地面塌陷，也危及到附近的吉利水库。
390,happy_gd14_001_028.wav,<|zh|><|HAPPY|><|Speech|><|withitn|>,本案昨日未当庭宣判。
391,happy_gd16_001_005.wav,<|zh|><|HAPPY|><|Speech|><|withitn|>,拼人口数量的时代已经远去了。
392,happy_gd16_001_007.wav,<|zh|><|SURPRISED|><|Speech|><|withitn|>,举行群众歌咏，红色旅游。
393,happy_gd16_001_012.wav,<|zh|><|HAPPY|><|Speech|><|withitn|>,看看辉哥就知道了，他的二哥肯定错不了。
394,happy_gd16_001_040.wav,<|zh|><|HAPPY|><|Speech|><|withitn|>,女人的事儿就是麻烦。
395,happy_spe01_001_001.wav,<|zh|><|HAPPY|><|Speech|><|withitn|>,男神把我单独放到一个分组了，好开心。
396,happy_spe01_001_002.wav,<|zh|><|HAPPY|><|Speech|><|withitn|>,哇哦，早安，今天起得真早呀，没有做小懒虫呢，真棒。
397,happy_spe01_001_004.wav,<|zh|><|HAPPY|><|Speech|><|withitn|>,虽然赔率不高，但我总算能赚一笔了呢。
398,happy_spe01_001_006.wav,<|zh|><|HAPPY|><|Speech|><|withitn|>,能为班里做些事情，让我很骄傲，也很高兴。
399,happy_spe01_001_007.wav,<|zh|><|SURPRISED|><|Speech|><|withitn|>,太棒了，全背对了。
400,happy_spe01_001_008.wav,<|zh|><|HAPPY|><|Speech|><|withitn|>,我要继续努力，明天再得印章。
401,happy_spe01_001_012.wav,<|zh|><|HAPPY|><|Speech|><|withitn|>,哈哈，真是踏破铁弦无觅处，得来全部费功夫。
402,happy_spe01_001_013.wav,<|zh|><|HAPPY|><|Speech|><|withitn|>,从现在开始，我就是你的小帮手了。
403,happy_spe01_001_014.wav,<|zh|><|HAPPY|><|Speech|><|withitn|>,今天玩的真开心，度过了一个快乐的元宵节。
404,happy_spe01_001_015.wav,<|zh|><|HAPPY|><|Speech|><|withitn|>,谢谢，我没什么需要的啦。
405,happy_spe01_001_016.wav,<|zh|><|HAPPY|><|Speech|><|withitn|>,今天奶奶烧了许多好吃的菜，我高兴极了。
406,happy_spe01_001_019.wav,<|zh|><|HAPPY|><|Speech|><|withitn|>,海洋馆里的企鹅比电视上看到的可爱多了。
407,happy_spe01_001_020.wav,<|zh|><|HAPPY|><|Speech|><|withitn|>,好多漂亮贝壳啊。
408,happy_spe01_001_021.wav,<|zh|><|HAPPY|><|Speech|><|withitn|>,这是我过得最开心的六一。
409,happy_spe01_001_022.wav,<|zh|><|HAPPY|><|Speech|><|withitn|>,弹的太高兴，到忘记了时间了，哈哈。
410,happy_spe01_001_023.wav,<|zh|><|HAPPY|><|Speech|><|withitn|>,顺利得到这学分，我真是惊喜呀。
411,happy_spe01_001_025.wav,<|zh|><|HAPPY|><|Speech|><|withitn|>,哇，我的作文在报纸上发表了，太棒了。
412,happy_spe01_001_026.wav,<|zh|><|HAPPY|><|Speech|><|withitn|>,婷儿，听到你的声音，我就很高兴。
413,happy_spe01_001_029.wav,<|zh|><|HAPPY|><|Speech|><|withitn|>,啊，终于到星期天了，好高兴啊。
414,happy_spe02_001_003.wav,<|zh|><|HAPPY|><|Speech|><|withitn|>,嘿，太高兴了，这是意料之外的惊喜呀。
415,happy_spe02_001_004.wav,<|zh|><|HAPPY|><|Speech|><|withitn|>,想的心里高兴，竟有点睡不着了。
416,happy_spe02_001_012.wav,<|zh|><|HAPPY|><|Speech|><|withitn|>,对这套半身甲我喜欢的不得了。
417,happy_spe02_001_015.wav,<|zh|><|HAPPY|><|Speech|><|withitn|>,终于找到了，我失而复得的漫画书。
418,happy_spe02_001_020.wav,<|zh|><|HAPPY|><|Speech|><|withitn|>,妈妈也高兴的夸我懂事了。
419,happy_spe02_001_030.wav,<|zh|><|HAPPY|><|Speech|><|withitn|>,捡到宝贝太兴奋了，我都说不出话了。
420,happy_spe03_001_008.wav,<|zh|><|HAPPY|><|Speech|><|withitn|>,哈哈哈哈，爸爸妈妈不在家，这里还不是我的天下。
421,happy_spe03_001_012.wav,<|zh|><|HAPPY|><|Speech|><|withitn|>,我听了心里乐开了花。
422,happy_spe03_001_016.wav,<|zh|><|HAPPY|><|Speech|><|withitn|>,很高兴我能和你合作，你可是大神级别的人物。
423,happy_spe03_001_017.wav,<|zh|><|HAPPY|><|Speech|><|withitn|>,一路上我们有说有笑，真开心啊。
424,happy_spe03_001_019.wav,<|zh|><|HAPPY|><|Speech|><|withitn|>,闺蜜的运气真好，我都替她高兴。
425,happy_spe04_001_012.wav,<|zh|><|HAPPY|><|Speech|><|withitn|>,妈妈给我做了我最爱吃的炖羊肉。
426,happy_spe04_001_016.wav,<|zh|><|HAPPY|><|Speech|><|withitn|>,我简直又惊又喜，真的感觉生宠若惊。
427,happy_spe04_001_021.wav,<|zh|><|HAPPY|><|Speech|><|withitn|>,超喜欢数不清的美景，吃不够的美食。
428,neutral_gd01_004.wav,<|zh|><|NEUTRAL|><|Speech|><|withitn|>,你每次谈恋爱都像现在这样。
429,neutral_gd01_005.wav,<|zh|><|NEUTRAL|><|Speech|><|withitn|>,很快你上大学就用得到了。
430,neutral_gd01_006.wav,<|zh|><|NEUTRAL|><|Speech|><|withitn|>,已经播至该专辑最后一个声音了。
431,neutral_gd01_007.wav,<|zh|><|NEUTRAL|><|Speech|><|withitn|>,我和我朋友刚从巴厘岛回来。
432,neutral_gd01_011.wav,<|zh|><|NEUTRAL|><|Speech|><|withitn|>,工厂不把它直接排到大气中。
433,neutral_gd01_012.wav,<|zh|><|NEUTRAL|><|Speech|><|withitn|>,没错，就是车门。另外两个人问他说。
434,neutral_gd01_013.wav,<|zh|><|NEUTRAL|><|Speech|><|withitn|>,除非你打飞碟球，但这是不可能的。
435,neutral_gd01_015.wav,<|zh|><|NEUTRAL|><|Speech|><|withitn|>,没听清，请问什么时间提醒你？
436,neutral_gd01_016.wav,<|zh|><|NEUTRAL|><|Speech|><|withitn|>,这样无辜的人就不会被杀了。
437,neutral_gd01_017.wav,<|zh|><|NEUTRAL|><|Speech|><|withitn|>,我必须一直通电才能工作。
438,neutral_gd01_018.wav,<|zh|><|NEUTRAL|><|Speech|><|withitn|>,我和我的妻子盼望着和您见面。
439,neutral_gd01_019.wav,<|zh|><|NEUTRAL|><|Speech|><|withitn|>,没有找到日程，走的时候请锁门。
440,neutral_gd01_021.wav,<|zh|><|NEUTRAL|><|Speech|><|withitn|>,是一家制药公司的短期工。
441,neutral_gd01_022.wav,<|zh|><|NEUTRAL|><|Speech|><|withitn|>,我们可以轮流开车。
442,neutral_gd01_023.wav,<|zh|><|NEUTRAL|><|Speech|><|withitn|>,这是台湾地区最大的动物园。
443,neutral_gd02_001.wav,<|zh|><|NEUTRAL|><|Speech|><|withitn|>,时候不早了，我来了，请指示。
444,neutral_gd02_002.wav,<|zh|><|NEUTRAL|><|Speech|><|withitn|>,递给我一些彩球和纸花。
445,neutral_gd02_003.wav,<|zh|><|NEUTRAL|><|Speech|><|withitn|>,你不应该害怕开始一段新的感情。
446,neutral_gd02_004.wav,<|zh|><|NEUTRAL|><|Speech|><|withitn|>,我肯定会的，那我以后不问了。
447,neutral_gd02_005.wav,<|zh|><|NEUTRAL|><|Speech|><|withitn|>,它实际会形成一氧化碳。
448,neutral_gd02_007.wav,<|zh|><|NEUTRAL|><|Speech|><|withitn|>,我参加了一个有关全球变暖的集会。
449,neutral_gd02_009.wav,<|zh|><|NEUTRAL|><|Speech|><|withitn|>,坐地铁只需要大约20分钟。
450,neutral_gd02_010.wav,<|zh|><|NEUTRAL|><|Speech|><|withitn|>,下个月我姐姐要结婚了。
451,neutral_gd02_018.wav,<|zh|><|NEUTRAL|><|Speech|><|withitn|>,这个镇上所有的人都喜欢扯闲话。
452,neutral_gd02_022.wav,<|zh|><|NEUTRAL|><|Speech|><|withitn|>,香港海洋公园？主人，快带我去。
453,neutral_gd03_002.wav,<|zh|><|NEUTRAL|><|Speech|><|withitn|>,不会这么凑巧吧，我也是十六。
454,neutral_gd03_009.wav,<|zh|><|NEUTRAL|><|Speech|><|withitn|>,就经常去我们宿舍附近的酒吧。
455,neutral_gd03_012.wav,<|zh|><|NEUTRAL|><|Speech|><|withitn|>,没有找到蒸鱼的计时。
456,neutral_gd04_011.wav,<|zh|><|NEUTRAL|><|Speech|><|withitn|>,我还不知道你认识弗兰克。
457,neutral_gd04_022.wav,<|zh|><|NEUTRAL|><|Speech|><|withitn|>,2016年11月5号是星期六。
458,neutral_gd05_024.wav,<|zh|><|NEUTRAL|><|Speech|><|withitn|>,是的，所以我永不喝它的。
459,neutral_gd06_012.wav,<|zh|><|NEUTRAL|><|Speech|><|withitn|>,此前，国内也有开发商在进行养老地产的尝试。
460,neutral_gd06_018.wav,<|zh|><|NEUTRAL|><|Speech|><|withitn|>,不过报告已对审议中的移民改革法案投下变数。
461,neutral_zr02_038.wav,<|zh|><|NEUTRAL|><|Speech|><|withitn|>,今天晚上看起来又是个失眠夜哟。
462,neutral_zr02_041.wav,<|zh|><|NEUTRAL|><|Speech|><|withitn|>,一切都不是自己想象的那么完美，原来我错了。
463,neutral_zr03_007.wav,<|zh|><|NEUTRAL|><|Speech|><|withitn|>,我想要的只是一只可握的手和一颗理解的心。
464,neutral_zr03_010.wav,<|zh|><|NEUTRAL|><|Speech|><|withitn|>,我越长大，胆子越小。
465,neutral_zr03_012.wav,<|zh|><|NEUTRAL|><|Speech|><|withitn|>,昨日的销售让我大跌眼镜，今日阿拉亲自助阵了。
466,neutral_zr03_014.wav,<|zh|><|HAPPY|><|Speech|><|withitn|>,其实我的心和你一样，做了一次自由落体运动。
467,neutral_zr03_016.wav,<|zh|><|NEUTRAL|><|Speech|><|withitn|>,希望有份稳定的工作，可以养活自己。
468,neutral_zr03_019.wav,<|zh|><|NEUTRAL|><|Speech|><|withitn|>,当时我很紧张，问怎么了？
469,neutral_zr03_022.wav,<|zh|><|NEUTRAL|><|Speech|><|withitn|>,暖房工程终于做到俺家了。
470,neutral_zr03_024.wav,<|zh|><|HAPPY|><|Speech|><|withitn|>,和快乐的人在一起，嘴角就会常带微笑。
471,neutral_zr03_031.wav,<|zh|><|NEUTRAL|><|Speech|><|withitn|>,一抹朝阳破晓，露瓦竿吹烟锦。
472,neutral_zr04_004.wav,<|zh|><|NEUTRAL|><|Speech|><|withitn|>,开发和保护是否矛盾，这是中文大专辩论赛题目。
473,neutral_zr04_009.wav,<|zh|><|SAD|><|Speech|><|withitn|>,头一直都是昏昏沉沉的，唉。
474,neutral_zr04_015.wav,<|zh|><|NEUTRAL|><|Speech|><|withitn|>,宝贝安好，我就快乐。
475,neutral_zr04_025.wav,<|zh|><|NEUTRAL|><|Speech|><|withitn|>,好想回到小时候，过着无忧无虑的生活。
476,sad_gd03_001_007.wav,<|zh|><|SAD|><|Speech|><|withitn|>,我也知道自己是大嘴巴。
477,sad_gd03_001_014.wav,<|zh|><|NEUTRAL|><|Speech|><|withitn|>,小心脚下，人行道上有个坑。
478,sad_gd03_001_019.wav,<|zh|><|SAD|><|Speech|><|withitn|>,让我再想想，真相已经上传了。
479,sad_gd03_001_020.wav,<|zh|><|SAD|><|Speech|><|withitn|>,这样，你就有时间挥拍打球了。
480,sad_gd04_001_010.wav,<|zh|><|SAD|><|Speech|><|withitn|>,最近很冷，风又大。
481,sad_gd04_001_021.wav,<|zh|><|SAD|><|Speech|><|withitn|>,三个，两个儿子，一个女儿。
482,sad_gd05_001_007.wav,<|zh|><|NEUTRAL|><|Speech|><|withitn|>,此消息立即在牙买加引起议论。
483,sad_gd05_001_010.wav,<|zh|><|SAD|><|Speech|><|withitn|>,大会还选举产生了新一届中央纪律检查委员会。
484,sad_gd06_001_001.wav,<|zh|><|NEUTRAL|><|Speech|><|withitn|>,对腐败问题一定要严惩。
485,sad_gd06_001_011.wav,<|zh|><|ANGRY|><|Speech|><|withitn|>,这是上次的劳务费，你数数。
486,sad_gd06_001_021.wav,<|zh|><|SAD|><|Speech|><|withitn|>,你就是磕头作揖，说好话，也得跟夏英挽回关系。
487,sad_gd07_001_007.wav,<|zh|><|SAD|><|Speech|><|withitn|>,大姐，这是我的全部家当，你一定得帮我。
488,sad_gd07_001_008.wav,<|zh|><|SAD|><|Speech|><|withitn|>,不是，关键是我见了他不知道说什么。
489,sad_gd07_001_012.wav,<|zh|><|EMO_UNKNOWN|><|Speech|><|withitn|>,还不迟到过阵子再说吧，休息一下。
490,sad_gd07_001_017.wav,<|zh|><|SAD|><|Speech|><|withitn|>,哪能事无巨细请教，丧失自己独立思考的精神。
491,sad_gd08_001_007.wav,<|zh|><|SAD|><|Speech|><|withitn|>,因此，掏耳朵只能清理外耳。
492,sad_gd08_001_013.wav,<|zh|><|SAD|><|Speech|><|withitn|>,月奶汤就是米酒水。
493,sad_gd08_001_016.wav,<|zh|><|SAD|><|Speech|><|withitn|>,临聘教师与在编教师都是老师，做好自己就够了。
494,sad_gd09_001_011.wav,<|zh|><|NEUTRAL|><|Speech|><|withitn|>,母女俩目前是租住在另一个社区。
495,sad_gd09_001_016.wav,<|zh|><|NEUTRAL|><|Speech|><|withitn|>,粮食米粉市场价格很快回调至涨价前水平。
496,sad_gd09_001_017.wav,<|zh|><|EMO_UNKNOWN|><|Speech|><|withitn|>,作为奥运狂热分子，他还不忘为选手默默加油。
497,sad_gd09_001_029.wav,<|zh|><|NEUTRAL|><|Speech|><|withitn|>,此网帖一出，立即被众人转发。
498,sad_gd10_001_005.wav,<|zh|><|SAD|><|Speech|><|withitn|>,分母大，分子小，自然摇号中签率较低。
499,sad_gd10_001_010.wav,<|zh|><|SAD|><|Speech|><|withitn|>,又走回来，坐在我左边，开始对我搂搂抱抱。
500,sad_gd10_001_012.wav,<|zh|><|SAD|><|Speech|><|withitn|>,我站在后面，腿脚都给压住了。
501,sad_gd10_001_013.wav,<|zh|><|NEUTRAL|><|Speech|><|withitn|>,明天记者将继续上路，找寻担忧爷。
502,sad_gd10_001_016.wav,<|zh|><|SAD|><|Speech|><|withitn|>,毕家兄弟再次傻眼。
503,sad_gd10_001_027.wav,<|zh|><|NEUTRAL|><|Speech|><|withitn|>,反对派武装使用的手雷。
504,sad_gd11_001_027.wav,<|zh|><|NEUTRAL|><|Speech|><|withitn|>,最终，他决定创办一家养老院。
505,sad_gd11_001_028.wav,<|zh|><|SAD|><|Speech|><|withitn|>,前一段时间，我们连续多次辟谣，澄清谣言。
506,sad_gd12_001_015.wav,<|zh|><|SAD|><|Speech|><|withitn|>,其次，水库水电站安全问题也很突出。
507,sad_gd12_001_022.wav,<|zh|><|NEUTRAL|><|Speech|><|withitn|>,据悉，美国和欧洲官员获邀参加。
508,sad_gd13_001_017.wav,<|zh|><|NEUTRAL|><|Speech|><|withitn|>,大慈寺街区的建设从政府主导转向企业经营。
509,sad_gd14_001_001.wav,<|zh|><|SAD|><|Speech|><|withitn|>,没好气的挂断信号。
510,sad_gd14_001_008.wav,<|zh|><|SURPRISED|><|Speech|><|withitn|>,当年他一节课都没去上，不被荡掉才奇怪。
511,sad_gd14_001_016.wav,<|zh|><|SAD|><|Speech|><|withitn|>,就不像你们整天忧心忡忡，感觉天要塌了一样。
512,sad_gd14_001_017.wav,<|zh|><|SAD|><|Speech|><|withitn|>,我藏身到草甸子，不让别人发现就好。
513,sad_gd14_001_028.wav,<|zh|><|SAD|><|Speech|><|withitn|>,他们呢？这是我多年的老朋友来联络一下感情。
514,sad_gd01_001_001.wav,<|zh|><|NEUTRAL|><|Speech|><|withitn|>,英国的哲学家曾经说过。
515,sad_gd01_001_002.wav,<|zh|><|NEUTRAL|><|Speech|><|withitn|>,我老家在北京。
516,sad_gd01_001_003.wav,<|zh|><|NEUTRAL|><|Speech|><|withitn|>,我每个月打一次电话。
517,sad_gd01_001_005.wav,<|zh|><|SAD|><|Speech|><|withitn|>,很快你上了大学就用得到了。
518,sad_gd01_001_007.wav,<|zh|><|NEUTRAL|><|Speech|><|withitn|>,已经播该专辑最后一个声音。
519,sad_gd01_001_008.wav,<|zh|><|SAD|><|Speech|><|withitn|>,我和我朋友刚从巴厘岛回来。
520,sad_gd01_001_009.wav,<|zh|><|SAD|><|Speech|><|withitn|>,你的声音总是在我心里晃来晃去。
521,sad_gd01_001_011.wav,<|zh|><|NEUTRAL|><|Speech|><|withitn|>,我觉得并不是非要有特别的品质。
522,sad_gd01_001_012.wav,<|zh|><|NEUTRAL|><|Speech|><|withitn|>,工厂不把它直接排到大气中。
523,sad_gd01_001_013.wav,<|zh|><|ANGRY|><|Speech|><|withitn|>,没错，就是车门。另外两个人问他说。
524,sad_gd01_001_014.wav,<|zh|><|SAD|><|Speech|><|withitn|>,除非你打飞碟球，但这是不可能的。
525,sad_gd01_001_015.wav,<|zh|><|SAD|><|Speech|><|withitn|>,没听清，请问什么时间提醒你？
526,sad_gd01_001_016.wav,<|zh|><|SAD|><|Speech|><|withitn|>,这样无辜的人就不会被杀了。
527,sad_gd01_001_018.wav,<|zh|><|NEUTRAL|><|Speech|><|withitn|>,我必须一直通电才能工作。
528,sad_gd01_001_019.wav,<|zh|><|SAD|><|Speech|><|withitn|>,我和我的妻子盼望着和您见面。
529,sad_gd01_001_020.wav,<|zh|><|NEUTRAL|><|Speech|><|withitn|>,没有找到日程，走的时候请锁门。
530,sad_gd01_001_021.wav,<|zh|><|NEUTRAL|><|Speech|><|withitn|>,是一家制药公司的短期工。
531,sad_gd01_001_022.wav,<|zh|><|SAD|><|Speech|><|withitn|>,我们可以轮流开车。
532,sad_gd01_001_023.wav,<|zh|><|SAD|><|Speech|><|withitn|>,这是台湾地区最大的动物园。
533,sad_gd01_001_024.wav,<|zh|><|SAD|><|Speech|><|withitn|>,时候不早了，我来了，请指示。
534,sad_gd01_001_026.wav,<|zh|><|EMO_UNKNOWN|><|Speech|><|withitn|>,你不应该害怕开始一段新的感情。
535,sad_gd01_001_027.wav,<|zh|><|SAD|><|Speech|><|withitn|>,我肯定会的那我以后不问了。
536,sad_gd01_001_029.wav,<|zh|><|SAD|><|Speech|><|withitn|>,它实际会形成一氧化碳。
537,sad_gd02_001_001.wav,<|zh|><|NEUTRAL|><|Speech|><|withitn|>,我参加了一个有关全球变暖的集会。
538,sad_gd02_001_003.wav,<|zh|><|NEUTRAL|><|Speech|><|withitn|>,坐地铁只需要大约20分钟。
539,sad_gd02_001_004.wav,<|zh|><|SAD|><|Speech|><|withitn|>,下个月我姐姐要结婚了。
540,sad_gd02_001_005.wav,<|zh|><|NEUTRAL|><|Speech|><|withitn|>,我是顺路过来跟你告别的。
541,sad_gd02_001_006.wav,<|zh|><|SAD|><|Speech|><|withitn|>,你知道我很努力的在戒酒。
542,sad_gd02_001_007.wav,<|zh|><|SAD|><|Speech|><|withitn|>,我告退了，晚上回去拍给你。
543,sad_gd02_001_008.wav,<|zh|><|SAD|><|Speech|><|withitn|>,今年应该是第27个教师节。
544,sad_gd02_001_009.wav,<|zh|><|SAD|><|Speech|><|withitn|>,这个镇上所有的人都喜欢扯闲话。
545,sad_gd02_001_010.wav,<|zh|><|SAD|><|Speech|><|withitn|>,是没什么，但是挺别扭的。
546,sad_gd02_001_011.wav,<|zh|><|SAD|><|Speech|><|withitn|>,香港海洋公园？主人，快带我去。
547,sad_gd02_001_012.wav,<|zh|><|SAD|><|Speech|><|withitn|>,如果有我能帮忙的，请告诉我。
548,sad_gd02_001_013.wav,<|zh|><|SAD|><|Speech|><|withitn|>,不会这么凑巧吧，我也是十六。
549,sad_gd02_001_014.wav,<|zh|><|SAD|><|Speech|><|withitn|>,你女儿和她妈妈长得很像。
550,sad_gd02_001_016.wav,<|zh|><|SAD|><|Speech|><|withitn|>,得了吧，别这么胆小了。
551,sad_gd02_001_017.wav,<|zh|><|NEUTRAL|><|Speech|><|withitn|>,就经常去我们宿舍附近的酒吧。
552,sad_gd02_001_019.wav,<|zh|><|SAD|><|Speech|><|withitn|>,很快，车可就自动开了。
553,sad_gd02_001_023.wav,<|zh|><|EMO_UNKNOWN|><|Speech|><|withitn|>,自己的事情要自己做。
554,sad_gd02_001_026.wav,<|zh|><|SAD|><|Speech|><|withitn|>,快点起床，我在公寓门口等你。
555,sad_gd02_001_028.wav,<|zh|><|SAD|><|Speech|><|withitn|>,那你就离市区很远了。
556,sad_gd03_001_001.wav,<|zh|><|HAPPY|><|Speech|><|withitn|>,是的，请返还我的钱，谢谢。
557,sad_gd03_001_002.wav,<|zh|><|NEUTRAL|><|Speech|><|withitn|>,不是，他住在沃斯顿的老房子里。
558,sad_gd03_001_003.wav,<|zh|><|SAD|><|Speech|><|withitn|>,听说我们在芝加哥要待三天的。
559,sad_gd03_001_004.wav,<|zh|><|SAD|><|Speech|><|withitn|>,对别人没有，而对我就有。
560,sad_gd03_001_005.wav,<|zh|><|EMO_UNKNOWN|><|Speech|><|withitn|>,我要学习一下相关知识。
561,sad_gd03_001_009.wav,<|zh|><|SAD|><|Speech|><|withitn|>,你可以去问鹦鹉啊，鹦鹉会说话。
562,sad_gd03_001_011.wav,<|zh|><|SAD|><|Speech|><|withitn|>,不知道，或许何许一双新鞋。
563,sad_gd03_001_013.wav,<|zh|><|SAD|><|Speech|><|withitn|>,你好，布莱恩，正好4点。
564,sad_gd03_001_017.wav,<|zh|><|NEUTRAL|><|Speech|><|withitn|>,我曾在一家船运公司里面做过6年。
565,sad_gd03_001_022.wav,<|zh|><|SAD|><|Speech|><|withitn|>,时间对整体来说是没有用的。
566,sad_gd03_001_028.wav,<|zh|><|SAD|><|Speech|><|withitn|>,炖肉1小时，剩余30分钟18秒。
567,sad_gd03_001_029.wav,<|zh|><|NEUTRAL|><|Speech|><|withitn|>,也就是一大堆照片。
568,sad_gd04_001_006.wav,<|zh|><|SAD|><|Speech|><|withitn|>,裁判全给了满分。
569,sad_gd05_001_008.wav,<|zh|><|NEUTRAL|><|Speech|><|withitn|>,航船联系租赁赌场地点，并负责赌场安全。
570,sad_gd06_001_003.wav,<|zh|><|SAD|><|Speech|><|withitn|>,因为子女属于受益人，所以医疗费应归他们承担。
571,sad_gd08_001_006.wav,<|zh|><|SAD|><|Speech|><|withitn|>,另一方面，房屋在功能设计上也有所欠缺。
572,sad_gd08_001_009.wav,<|zh|><|NEUTRAL|><|Speech|><|withitn|>,张中华遗体上的注射针头。
573,sad_gd08_001_012.wav,<|zh|><|SAD|><|Speech|><|withitn|>,我们向往与关注的，仍然是所谓的精英社会。
574,sad_gd08_001_018.wav,<|zh|><|NEUTRAL|><|Speech|><|withitn|>,张超峰曾经多次来找沈勇阁要房子。
575,sad_gd10_001_023.wav,<|zh|><|SAD|><|Speech|><|withitn|>,他们都知道我想表达什么。
576,sad_gd11_001_002.wav,<|zh|><|SAD|><|Speech|><|withitn|>,后来多亏工友把他刨出来。
577,sad_gd11_001_006.wav,<|zh|><|SAD|><|Speech|><|withitn|>,杨某心里十分懊恼。
578,sad_gd11_001_014.wav,<|zh|><|ANGRY|><|Speech|><|withitn|>,既要维护养殖户，又要维持市场稳定。
579,sad_gd12_001_011.wav,<|zh|><|SAD|><|Speech|><|withitn|>,本案昨日未到庭宣判。
580,sad_gd13_001_014.wav,<|zh|><|SAD|><|Speech|><|withitn|>,拼人口数量的时代已经远去了。
581,sad_gd13_001_021.wav,<|zh|><|SAD|><|Speech|><|withitn|>,看看辉哥就知道了，他的二哥肯定错不了。
582,sad_gd14_001_019.wav,<|zh|><|SAD|><|Speech|><|withitn|>,女人的事儿就是麻烦。
583,sad_sp01_001_001.wav,<|zh|><|SAD|><|Speech|><|withitn|>,哎呀，是我害死了小乌龟呀。
584,sad_sp01_001_003.wav,<|zh|><|SAD|><|Speech|><|withitn|>,艾秀的犀牛眼眶里已经有泪水在打转了。
585,sad_sp01_001_004.wav,<|zh|><|SAD|><|Speech|><|withitn|>,哎，从来就没有把我放在眼里呀。
586,sad_sp01_001_005.wav,<|zh|><|SAD|><|Speech|><|withitn|>,哎，我怎么就相信你了呢？
587,sad_sp01_001_006.wav,<|zh|><|SAD|><|Speech|><|withitn|>,哎，一个人最大的劳累莫过于心累。
588,sad_sp01_001_007.wav,<|zh|><|SAD|><|Speech|><|withitn|>,哎，因为犯了错误，我被停止检查了。
589,sad_sp01_001_008.wav,<|zh|><|SAD|><|Speech|><|withitn|>,哎，又被逼着写，东西想哭。
590,sad_sp01_001_009.wav,<|zh|><|SURPRISED|><|Speech|><|withitn|>,哎呀，南国精灵跑到我这里来了，我们一起把他送走吧。
591,sad_sp01_001_010.wav,<|zh|><|ANGRY|><|Speech|><|withitn|>,爸爸，我不要美少女书包了，你回来好不好？
592,sad_sp01_001_011.wav,<|zh|><|SURPRISED|><|Speech|><|withitn|>,爸爸答应给我买一个玩具，可是竟然食言，不给我买。
593,sad_sp01_001_012.wav,<|zh|><|SAD|><|Speech|><|withitn|>,抱一抱吧，就当做从来没有在一起。
594,sad_sp01_001_013.wav,<|zh|><|SAD|><|Speech|><|withitn|>,悲痛之下，我晕厥过去，再无苏醒之日。
595,sad_sp01_001_014.wav,<|zh|><|SAD|><|Speech|><|withitn|>,被人狠狠的揍了一顿，我也没有脸在这儿呆下去了。
596,sad_sp01_001_015.wav,<|zh|><|SAD|><|Speech|><|withitn|>,被他的思潮起伏所苦恼，我的头慢慢低下去了。
597,sad_sp01_001_016.wav,<|zh|><|NEUTRAL|><|Speech|><|withitn|>,比赛结束了，几个同学在一旁嘲笑我。
598,sad_sp01_001_017.wav,<|zh|><|EMO_UNKNOWN|><|Speech|><|withitn|>,毕业带得走思念，却带不走你我同窗的情谊。
599,sad_sp01_001_019.wav,<|zh|><|NEUTRAL|><|Speech|><|withitn|>,闭上双眼，我又看见当年梦的画面。
600,sad_sp01_001_020.wav,<|zh|><|EMO_UNKNOWN|><|Speech|><|withitn|>,别等了，他不会回来了。
601,sad_sp01_001_021.wav,<|zh|><|SAD|><|Speech|><|withitn|>,别和现实过不去，因为你还要过下去。
602,sad_sp01_001_023.wav,<|zh|><|SAD|><|Speech|><|withitn|>,别人拿着一张张奖状回家，我心里酸酸的。
603,sad_sp01_001_024.wav,<|zh|><|SAD|><|Speech|><|withitn|>,别人说真心换真情，可我是真心换伤心。
604,sad_sp01_001_026.wav,<|zh|><|SAD|><|Speech|><|withitn|>,病毒扩散，我的心是一片凄凉和哀痛。
605,sad_sp02_001_006.wav,<|zh|><|SAD|><|Speech|><|withitn|>,不管小丫是怎么死的，反正我很伤心。
606,sad_sp02_001_007.wav,<|zh|><|SAD|><|Speech|><|withitn|>,不管怎样，破境终究难以再圆。
607,sad_sp02_001_011.wav,<|zh|><|SAD|><|Speech|><|withitn|>,不嘛不嘛，难得今天晚上月亮好漂亮，莫叶风不同意。
608,sad_sp02_001_012.wav,<|zh|><|NEUTRAL|><|Speech|><|withitn|>,不能遗忘，就要学会释怀，我们都要好好的。
609,sad_sp02_001_016.wav,<|zh|><|SAD|><|Speech|><|withitn|>,不要赶走我，我不想离开这个地方。
610,sad_sp02_001_017.wav,<|zh|><|SAD|><|Speech|><|withitn|>,不要胡说八道了，我真的经不起任何折腾了。
611,sad_sp02_001_025.wav,<|zh|><|SAD|><|Speech|><|withitn|>,草莓果冻、芒果干、小饼干都给你，一生一起走，好不好？
612,sad_sp02_001_027.wav,<|zh|><|SAD|><|Speech|><|withitn|>,车子早已碎了，妈也早已死了。
613,sad_sp03_001_003.wav,<|zh|><|SAD|><|Speech|><|withitn|>,成功了败了也完全不重要，谁比你重要啊？
614,sad_sp03_001_009.wav,<|zh|><|NEUTRAL|><|Speech|><|withitn|>,床边站着两名大夫，都是愁眉深锁。
615,sad_sp03_001_016.wav,<|zh|><|SAD|><|Speech|><|withitn|>,答应后，安娜心中却是哀伤的长叹。
616,sad_sp03_001_018.wav,<|zh|><|HAPPY|><|Speech|><|withitn|>,大大小小的考试压力压在身上，压得我们也喘不过气来。
617,sad_sp04_001_009.wav,<|zh|><|EMO_UNKNOWN|><|Speech|><|withitn|>,当下我只能是化悲痛为食欲。
618,sad_sp04_001_026.wav,<|zh|><|SAD|><|Speech|><|withitn|>,都说时间可以抹掉一切伤痕，而我的伤口却在发炎。
619,surp_gd03_001_007.wav,<|zh|><|ANGRY|><|Speech|><|withitn|>,我也知道自己是大嘴巴。
620,surp_gd03_001_013.wav,<|zh|><|HAPPY|><|Speech|><|withitn|>,小心脚下，人行道上有个坑。
621,surp_gd03_001_018.wav,<|zh|><|SURPRISED|><|Speech|><|withitn|>,让我再想想，真相已经上传了。
622,surp_gd03_001_019.wav,<|zh|><|HAPPY|><|Speech|><|withitn|>,这样，你就有时间挥拍打球了。
623,surp_gd04_001_010.wav,<|zh|><|SURPRISED|><|Speech|><|withitn|>,最近很冷，风又大。
624,surp_gd04_001_021.wav,<|zh|><|SURPRISED|><|Speech|><|withitn|>,三个，两个儿子，一个女儿。
625,surp_gd05_001_008.wav,<|zh|><|HAPPY|><|Speech|><|withitn|>,此消息立即在牙买加引起议论。
626,surp_gd05_001_010.wav,<|zh|><|ANGRY|><|Speech|><|withitn|>,大会还选举产生了新一届中央纪律检查委员会。
627,surp_gd06_001_001.wav,<|zh|><|NEUTRAL|><|Speech|><|withitn|>,对腐败问题一定要严惩。
628,surp_gd06_001_012.wav,<|zh|><|ANGRY|><|Speech|><|withitn|>,这是上次的劳务费，你数数。
629,surp_gd06_001_021.wav,<|zh|><|ANGRY|><|Speech|><|withitn|>,你就是磕头作揖，说好话，也得跟夏英挽回关系。
630,surp_gd07_001_007.wav,<|zh|><|ANGRY|><|Speech|><|withitn|>,大姐，这是我的全部家当，你一定得帮我。
631,surp_gd07_001_008.wav,<|zh|><|ANGRY|><|Speech|><|withitn|>,不是，关键是我见了他不知道说什么。
632,surp_gd07_001_012.wav,<|zh|><|ANGRY|><|Speech|><|withitn|>,还不迟到过阵子再说吧，休息一下。
633,surp_gd07_001_015.wav,<|zh|><|ANGRY|><|Speech|><|withitn|>,哪能事无巨细请教，丧失自己独立思考的精神。
634,surp_gd08_001_010.wav,<|zh|><|NEUTRAL|><|Speech|><|withitn|>,因此，掏耳朵只能清理外耳。
635,surp_gd08_001_015.wav,<|zh|><|ANGRY|><|Speech|><|withitn|>,月奶汤就是米酒水。
636,surp_gd08_001_017.wav,<|zh|><|SURPRISED|><|Speech|><|withitn|>,临聘教师与在编教师都是老师，做好自己就够了。
637,surp_gd09_001_008.wav,<|zh|><|NEUTRAL|><|Speech|><|withitn|>,母女俩目前是租住在另一个社区。
638,surp_gd09_001_014.wav,<|zh|><|HAPPY|><|Speech|><|withitn|>,粮食米粉市场价格很快回调至涨价前水平。
639,surp_gd09_001_015.wav,<|zh|><|ANGRY|><|Speech|><|withitn|>,作为奥运狂热分子，他还不忘为选手默默加油。
640,surp_gd09_001_029.wav,<|zh|><|ANGRY|><|Speech|><|withitn|>,此网帖一出，立即被众人转发。
641,surp_gd10_001_006.wav,<|zh|><|NEUTRAL|><|Speech|><|withitn|>,分母大，分子小，自然摇号中签率较低。
642,surp_gd10_001_013.wav,<|zh|><|ANGRY|><|Speech|><|withitn|>,又走回来，坐在我左边，开始对我搂搂抱抱。
643,surp_gd10_001_015.wav,<|zh|><|ANGRY|><|Speech|><|withitn|>,我站在后面，腿脚都给压住了。
644,surp_gd10_001_016.wav,<|zh|><|NEUTRAL|><|Speech|><|withitn|>,明天记者将继续上路，找寻担忧爷。
645,surp_gd10_001_019.wav,<|zh|><|ANGRY|><|Speech|><|withitn|>,毕家兄弟再次傻眼。
646,surp_gd10_001_028.wav,<|zh|><|NEUTRAL|><|Speech|><|withitn|>,反对派武装使用的手雷。
647,surp_gd11_001_023.wav,<|zh|><|NEUTRAL|><|Speech|><|withitn|>,最终，他决定创办一家养老院。
648,surp_gd11_001_025.wav,<|zh|><|NEUTRAL|><|Speech|><|withitn|>,前一段时间，我们连续多次辟谣，澄清谣言。
649,surp_gd12_001_017.wav,<|zh|><|NEUTRAL|><|Speech|><|withitn|>,其次，水库水电站安全问题也很突出。
650,surp_gd12_001_023.wav,<|zh|><|NEUTRAL|><|Speech|><|withitn|>,据悉，美国和欧洲官员获邀参加。
651,surp_gd13_001_019.wav,<|zh|><|NEUTRAL|><|Speech|><|withitn|>,大慈寺街区的建设从政府主导转向企业经营。
652,surp_gd14_001_001.wav,<|zh|><|EMO_UNKNOWN|><|Speech|><|withitn|>,没好气的挂断信号。
653,surp_gd14_001_008.wav,<|zh|><|SURPRISED|><|Speech|><|withitn|>,当年他一节课都没去上，不被荡掉才奇怪。
654,surp_gd14_001_015.wav,<|zh|><|ANGRY|><|Speech|><|withitn|>,就不像你们整天忧心忡忡，感觉天要塌了一样。
655,surp_gd14_001_017.wav,<|zh|><|ANGRY|><|Speech|><|withitn|>,我藏身到草甸子，不让别人发现就好。
656,surp_gd14_001_027.wav,<|zh|><|SURPRISED|><|Speech|><|withitn|>,他们呢？这是我多年的老朋友来联络一下感情。
657,surp_gd04_001_008.wav,<|zh|><|ANGRY|><|Speech|><|withitn|>,大部分都是用诱饵钓到的。
658,surp_gd05_001_026.wav,<|zh|><|NEUTRAL|><|Speech|><|withitn|>,依据公务员法有关规定，将对王辉予以辞退。
659,surp_gd05_001_027.wav,<|zh|><|ANGRY|><|Speech|><|withitn|>,对北京而言，没什么比这更重要了。
660,surp_gd06_001_005.wav,<|zh|><|ANGRY|><|Speech|><|withitn|>,但可接触到不少人，所以容易泄露。
661,surp_gd06_001_008.wav,<|zh|><|NEUTRAL|><|Speech|><|withitn|>,值得注意的是，就在前一天，央行做出了类似表态。
662,surp_gd06_001_016.wav,<|zh|><|ANGRY|><|Speech|><|withitn|>,谈论伟大考研事业的时候，请忽略我。
663,surp_gd07_001_001.wav,<|zh|><|NEUTRAL|><|Speech|><|withitn|>,是跑得蛮快的。
664,surp_gd07_001_005.wav,<|zh|><|NEUTRAL|><|Speech|><|withitn|>,听说总裁办公室里被翻的乱七八糟的。
665,surp_gd07_001_013.wav,<|zh|><|ANGRY|><|Speech|><|withitn|>,大姑娘又怎么了？你背背。
666,surp_gd07_001_017.wav,<|zh|><|ANGRY|><|Speech|><|withitn|>,抓紧做了，这周我就要在宣传栏上看见东西。
667,surp_gd07_001_018.wav,<|zh|><|SURPRISED|><|Speech|><|withitn|>,把他当劈柴，有点可惜了。
668,surp_gd08_001_025.wav,<|zh|><|NEUTRAL|><|Speech|><|withitn|>,众人划着充气阀，将第一批救灾物资运到村内。
669,surp_gd09_001_006.wav,<|zh|><|EMO_UNKNOWN|><|Speech|><|withitn|>,我们有点像伯乐。
670,surp_gd09_001_016.wav,<|zh|><|HAPPY|><|Speech|><|withitn|>,保险公司应在交强险责任限额范围内予以赔偿。
671,surp_gd09_001_026.wav,<|zh|><|SURPRISED|><|Speech|><|withitn|>,此时，杨某某与一名男子在一辆面包车上。
672,surp_gd10_001_020.wav,<|zh|><|ANGRY|><|Speech|><|withitn|>,假冒的医院病房间也被没收。
673,surp_gd10_001_029.wav,<|zh|><|ANGRY|><|Speech|><|withitn|>,北京网民戏称，这是老天爷在摸黑倒水。
674,surp_gd11_001_007.wav,<|zh|><|ANGRY|><|Speech|><|withitn|>,墨脱是目前中国唯一不同公路的县。
675,surp_gd11_001_009.wav,<|zh|><|ANGRY|><|Speech|><|withitn|>,学生痴迷网络游戏。
676,surp_gd11_001_018.wav,<|zh|><|HAPPY|><|Speech|><|withitn|>,因此，我们不仅要打老虎，也要打苍蝇。
677,surp_gd11_001_019.wav,<|zh|><|NEUTRAL|><|Speech|><|withitn|>,据现场目击者介绍，该工地会有人员被掩埋。
678,surp_gd12_001_027.wav,<|zh|><|NEUTRAL|><|Speech|><|withitn|>,当铁球与护网发生接触后，最后被护网接住。
679,surp_gd13_001_010.wav,<|zh|><|NEUTRAL|><|Speech|><|withitn|>,克星独立军开始以主动进攻代替防御。
680,surp_gd13_001_014.wav,<|zh|><|SURPRISED|><|Speech|><|withitn|>,后来，各种有关乌鸡的指控都落到了炮手的身上。
681,surp_gd14_001_003.wav,<|zh|><|HAPPY|><|Speech|><|withitn|>,为秋天增添凄美和朦胧，丰富点缀爱情的天空。
682,surp_gd14_001_005.wav,<|zh|><|NEUTRAL|><|Speech|><|withitn|>,就像一条无尽的山路，忽然间柳暗花明。
683,surp_gd14_001_011.wav,<|zh|><|ANGRY|><|Speech|><|withitn|>,那你就休息吧，坐了几天火车，都累坏了。
684,surp_gd14_001_012.wav,<|zh|><|ANGRY|><|Speech|><|withitn|>,大家也难得一聚。
685,surp_sp01_001_004.wav,<|zh|><|SURPRISED|><|Speech|><|withitn|>,啊，怎么会这样，这太不合理了。
686,surp_sp01_001_008.wav,<|zh|><|ANGRY|><|Speech|><|withitn|>,天哪，这是什么神仙男友，也太让人羡慕了吧。
687,surp_sp01_001_018.wav,<|zh|><|ANGRY|><|Speech|><|withitn|>,我是出家人，怎能做这种事情？
688,surp_sp01_001_022.wav,<|zh|><|ANGRY|><|Speech|><|withitn|>,哇，他怎么又上热搜了？
689,surp_sp01_001_026.wav,<|zh|><|ANGRY|><|Speech|><|withitn|>,你是什么人？竟然闯进我家。
690,surp_sp01_001_028.wav,<|zh|><|SURPRISED|><|Speech|><|withitn|>,我收到的官方新闻也是这么说的，怎么是假的？
691,surp_sp02_001_007.wav,<|zh|><|ANGRY|><|Speech|><|withitn|>,这哪是歌友会，简直就是演唱会。
692,surp_sp02_001_011.wav,<|zh|><|ANGRY|><|Speech|><|withitn|>,怎么会有你这么小气的人呢？
693,surp_sp02_001_020.wav,<|zh|><|ANGRY|><|Speech|><|withitn|>,这些人真下得了手啊，摔死这些小动物就表示执法威严了？
694,surp_sp02_001_025.wav,<|zh|><|SURPRISED|><|Speech|><|withitn|>,天哪，怎么下得了手啊？
695,surp_sp02_001_026.wav,<|zh|><|ANGRY|><|Speech|><|withitn|>,这怎么没说一声就把婚结了。
696,surp_sp02_001_027.wav,<|zh|><|ANGRY|><|Speech|><|withitn|>,怎么会有心理这么变态的人？
697,surp_sp03_001_012.wav,<|zh|><|ANGRY|><|Speech|><|withitn|>,居然还有脸找我，怎么有你这么脸皮厚的无耻之人？
698,surp_sp03_001_013.wav,<|zh|><|SURPRISED|><|Speech|><|withitn|>,这简直就是猪窝啊，怎么住人啊？
699,surp_sp03_001_016.wav,<|zh|><|SURPRISED|><|Speech|><|withitn|>,我都要疼死了，居然还要我去做核酸。
700,surp_sp03_001_026.wav,<|zh|><|ANGRY|><|Speech|><|withitn|>,这什么家长，简直神经病。
701,surp_sp03_001_030.wav,<|zh|><|ANGRY|><|Speech|><|withitn|>,泡面你都能做的这么难吃，也是醉了。
702,surp_sp04_001_004.wav,<|zh|><|SURPRISED|><|Speech|><|withitn|>,为毛会有这么多广告啊？
703,surp_sp04_001_007.wav,<|zh|><|ANGRY|><|Speech|><|withitn|>,半路了，居然还有这么多人要上车。
704,surp_sp04_001_011.wav,<|zh|><|ANGRY|><|Speech|><|withitn|>,今天是怎样啊？大家都出去玩了。
705,surp_sp04_001_020.wav,<|zh|><|ANGRY|><|Speech|><|withitn|>,你怎么这么想我，真够小气的。
706,surp_sp04_001_021.wav,<|zh|><|ANGRY|><|Speech|><|withitn|>,这饭这么难吃，居然还这么贵。
707,surp_sp04_001_023.wav,<|zh|><|ANGRY|><|Speech|><|withitn|>,刚去厕所居然有两个男人进来了。
708,surp_sp04_001_024.wav,<|zh|><|ANGRY|><|Speech|><|withitn|>,你怎么能这样对待你的结发妻子？
709,surp_sp04_001_028.wav,<|zh|><|ANGRY|><|Speech|><|withitn|>,怎么我们就成漫游绑之手了呢？
710,surp_sp04_001_029.wav,<|zh|><|ANGRY|><|Speech|><|withitn|>,你还有没有点担当，居然说出这种话来。
711,surp_sp04_001_031.wav,<|zh|><|ANGRY|><|Speech|><|withitn|>,竟然拖了两个多月的工作日志没有交。
712,surp_sp04_001_032.wav,<|zh|><|SURPRISED|><|Speech|><|withitn|>,什么？这风一吹就倒了？
713,surp_sp04_001_035.wav,<|zh|><|ANGRY|><|Speech|><|withitn|>,为什么会有那么多卖粉的人呢？
